-- phpMyAdmin SQL Dump
-- version 5.1.1
-- https://www.phpmyadmin.net/
--
-- Host: 127.0.0.1
-- Generation Time: Nov 07, 2021 at 09:09 AM
-- Server version: 10.4.21-MariaDB
-- PHP Version: 7.4.24

SET SQL_MODE = "NO_AUTO_VALUE_ON_ZERO";
START TRANSACTION;
SET time_zone = "+00:00";


/*!40101 SET @OLD_CHARACTER_SET_CLIENT=@@CHARACTER_SET_CLIENT */;
/*!40101 SET @OLD_CHARACTER_SET_RESULTS=@@CHARACTER_SET_RESULTS */;
/*!40101 SET @OLD_COLLATION_CONNECTION=@@COLLATION_CONNECTION */;
/*!40101 SET NAMES utf8mb4 */;

--
-- Database: `classicmodels_1`
--

-- --------------------------------------------------------

--
-- Table structure for table `dim orders`
--

CREATE TABLE `dim orders` (
  `sk_order` int(11) DEFAULT NULL,
  `customerNumber` int(11) DEFAULT NULL,
  `customerName` varchar(50) DEFAULT NULL,
  `orderNumber` int(11) DEFAULT NULL,
  `orderDate` datetime DEFAULT NULL,
  `status` varchar(15) DEFAULT NULL
) ENGINE=InnoDB DEFAULT CHARSET=utf8mb4;

--
-- Dumping data for table `dim orders`
--

INSERT INTO `dim orders` (`sk_order`, `customerNumber`, `customerName`, `orderNumber`, `orderDate`, `status`) VALUES
(1, 363, 'Online Diecast Creations Co.', 10100, '2003-01-06 00:00:00', 'Shipped'),
(2, 128, 'Blauer See Auto, Co.', 10101, '2003-01-09 00:00:00', 'Shipped'),
(3, 181, 'Vitachrome Inc.', 10102, '2003-01-10 00:00:00', 'Shipped'),
(4, 121, 'Baane Mini Imports', 10103, '2003-01-29 00:00:00', 'Shipped'),
(5, 141, 'Euro+ Shopping Channel', 10104, '2003-01-31 00:00:00', 'Shipped'),
(6, 145, 'Danish Wholesale Imports', 10105, '2003-02-11 00:00:00', 'Shipped'),
(7, 278, 'Rovelli Gifts', 10106, '2003-02-17 00:00:00', 'Shipped'),
(8, 131, 'Land of Toys Inc.', 10107, '2003-02-24 00:00:00', 'Shipped'),
(9, 385, 'Cruz & Sons Co.', 10108, '2003-03-03 00:00:00', 'Shipped'),
(10, 486, 'Motor Mint Distributors Inc.', 10109, '2003-03-10 00:00:00', 'Shipped'),
(11, 187, 'AV Stores, Co.', 10110, '2003-03-18 00:00:00', 'Shipped'),
(12, 129, 'Mini Wheels Co.', 10111, '2003-03-25 00:00:00', 'Shipped'),
(13, 144, 'Volvo Model Replicas, Co', 10112, '2003-03-24 00:00:00', 'Shipped'),
(14, 124, 'Mini Gifts Distributors Ltd.', 10113, '2003-03-26 00:00:00', 'Shipped'),
(15, 172, 'La Corne D\'abondance, Co.', 10114, '2003-04-01 00:00:00', 'Shipped'),
(16, 424, 'Classic Legends Inc.', 10115, '2003-04-04 00:00:00', 'Shipped'),
(17, 381, 'Royale Belge', 10116, '2003-04-11 00:00:00', 'Shipped'),
(18, 148, 'Dragon Souveniers, Ltd.', 10117, '2003-04-16 00:00:00', 'Shipped'),
(19, 216, 'Enaco Distributors', 10118, '2003-04-21 00:00:00', 'Shipped'),
(20, 382, 'Salzburg Collectables', 10119, '2003-04-28 00:00:00', 'Shipped'),
(21, 114, 'Australian Collectors, Co.', 10120, '2003-04-29 00:00:00', 'Shipped'),
(22, 353, 'Reims Collectables', 10121, '2003-05-07 00:00:00', 'Shipped'),
(23, 350, 'Marseille Mini Autos', 10122, '2003-05-08 00:00:00', 'Shipped'),
(24, 103, 'Atelier graphique', 10123, '2003-05-20 00:00:00', 'Shipped'),
(25, 112, 'Signal Gift Stores', 10124, '2003-05-21 00:00:00', 'Shipped'),
(26, 114, 'Australian Collectors, Co.', 10125, '2003-05-21 00:00:00', 'Shipped'),
(27, 458, 'Corrida Auto Replicas, Ltd', 10126, '2003-05-28 00:00:00', 'Shipped'),
(28, 151, 'Muscle Machine Inc', 10127, '2003-06-03 00:00:00', 'Shipped'),
(29, 141, 'Euro+ Shopping Channel', 10128, '2003-06-06 00:00:00', 'Shipped'),
(30, 324, 'Stylish Desk Decors, Co.', 10129, '2003-06-12 00:00:00', 'Shipped'),
(31, 198, 'Auto-Moto Classics Inc.', 10130, '2003-06-16 00:00:00', 'Shipped'),
(32, 447, 'Gift Ideas Corp.', 10131, '2003-06-16 00:00:00', 'Shipped'),
(33, 323, 'Down Under Souveniers, Inc', 10132, '2003-06-25 00:00:00', 'Shipped'),
(34, 141, 'Euro+ Shopping Channel', 10133, '2003-06-27 00:00:00', 'Shipped'),
(35, 250, 'Lyon Souveniers', 10134, '2003-07-01 00:00:00', 'Shipped'),
(36, 124, 'Mini Gifts Distributors Ltd.', 10135, '2003-07-02 00:00:00', 'Shipped'),
(37, 242, 'Alpha Cognac', 10136, '2003-07-04 00:00:00', 'Shipped'),
(38, 353, 'Reims Collectables', 10137, '2003-07-10 00:00:00', 'Shipped'),
(39, 496, 'Kelly\'s Gift Shop', 10138, '2003-07-07 00:00:00', 'Shipped'),
(40, 282, 'Souveniers And Things Co.', 10139, '2003-07-16 00:00:00', 'Shipped'),
(41, 161, 'Technics Stores Inc.', 10140, '2003-07-24 00:00:00', 'Shipped'),
(42, 334, 'Suominen Souveniers', 10141, '2003-08-01 00:00:00', 'Shipped'),
(43, 124, 'Mini Gifts Distributors Ltd.', 10142, '2003-08-08 00:00:00', 'Shipped'),
(44, 320, 'Mini Creations Ltd.', 10143, '2003-08-10 00:00:00', 'Shipped'),
(45, 381, 'Royale Belge', 10144, '2003-08-13 00:00:00', 'Shipped'),
(46, 205, 'Toys4GrownUps.com', 10145, '2003-08-25 00:00:00', 'Shipped'),
(47, 447, 'Gift Ideas Corp.', 10146, '2003-09-03 00:00:00', 'Shipped'),
(48, 379, 'Collectables For Less Inc.', 10147, '2003-09-05 00:00:00', 'Shipped'),
(49, 276, 'Anna\'s Decorations, Ltd', 10148, '2003-09-11 00:00:00', 'Shipped'),
(50, 487, 'Signal Collectibles Ltd.', 10149, '2003-09-12 00:00:00', 'Shipped'),
(51, 148, 'Dragon Souveniers, Ltd.', 10150, '2003-09-19 00:00:00', 'Shipped'),
(52, 311, 'Oulu Toy Supplies, Inc.', 10151, '2003-09-21 00:00:00', 'Shipped'),
(53, 333, 'Australian Gift Network, Co', 10152, '2003-09-25 00:00:00', 'Shipped'),
(54, 141, 'Euro+ Shopping Channel', 10153, '2003-09-28 00:00:00', 'Shipped'),
(55, 219, 'Boards & Toys Co.', 10154, '2003-10-02 00:00:00', 'Shipped'),
(56, 186, 'Toys of Finland, Co.', 10155, '2003-10-06 00:00:00', 'Shipped'),
(57, 141, 'Euro+ Shopping Channel', 10156, '2003-10-08 00:00:00', 'Shipped'),
(58, 473, 'Frau da Collezione', 10157, '2003-10-09 00:00:00', 'Shipped'),
(59, 121, 'Baane Mini Imports', 10158, '2003-10-10 00:00:00', 'Shipped'),
(60, 321, 'Corporate Gift Ideas Co.', 10159, '2003-10-10 00:00:00', 'Shipped'),
(61, 347, 'Men \'R\' US Retailers, Ltd.', 10160, '2003-10-11 00:00:00', 'Shipped'),
(62, 227, 'Heintze Collectables', 10161, '2003-10-17 00:00:00', 'Shipped'),
(63, 321, 'Corporate Gift Ideas Co.', 10162, '2003-10-18 00:00:00', 'Shipped'),
(64, 424, 'Classic Legends Inc.', 10163, '2003-10-20 00:00:00', 'Shipped'),
(65, 452, 'Mini Auto Werke', 10164, '2003-10-21 00:00:00', 'Resolved'),
(66, 148, 'Dragon Souveniers, Ltd.', 10165, '2003-10-22 00:00:00', 'Shipped'),
(67, 462, 'FunGiftIdeas.com', 10166, '2003-10-21 00:00:00', 'Shipped'),
(68, 448, 'Scandinavian Gift Ideas', 10167, '2003-10-23 00:00:00', 'Cancelled'),
(69, 161, 'Technics Stores Inc.', 10168, '2003-10-28 00:00:00', 'Shipped'),
(70, 276, 'Anna\'s Decorations, Ltd', 10169, '2003-11-04 00:00:00', 'Shipped'),
(71, 452, 'Mini Auto Werke', 10170, '2003-11-04 00:00:00', 'Shipped'),
(72, 233, 'Québec Home Shopping Network', 10171, '2003-11-05 00:00:00', 'Shipped'),
(73, 175, 'Gift Depot Inc.', 10172, '2003-11-05 00:00:00', 'Shipped'),
(74, 278, 'Rovelli Gifts', 10173, '2003-11-05 00:00:00', 'Shipped'),
(75, 333, 'Australian Gift Network, Co', 10174, '2003-11-06 00:00:00', 'Shipped'),
(76, 324, 'Stylish Desk Decors, Co.', 10175, '2003-11-06 00:00:00', 'Shipped'),
(77, 386, 'L\'ordine Souveniers', 10176, '2003-11-06 00:00:00', 'Shipped'),
(78, 344, 'CAF Imports', 10177, '2003-11-07 00:00:00', 'Shipped'),
(79, 242, 'Alpha Cognac', 10178, '2003-11-08 00:00:00', 'Shipped'),
(80, 496, 'Kelly\'s Gift Shop', 10179, '2003-11-11 00:00:00', 'Cancelled'),
(81, 171, 'Daedalus Designs Imports', 10180, '2003-11-11 00:00:00', 'Shipped'),
(82, 167, 'Herkku Gifts', 10181, '2003-11-12 00:00:00', 'Shipped'),
(83, 124, 'Mini Gifts Distributors Ltd.', 10182, '2003-11-12 00:00:00', 'Shipped'),
(84, 339, 'Classic Gift Ideas, Inc', 10183, '2003-11-13 00:00:00', 'Shipped'),
(85, 484, 'Iberia Gift Imports, Corp.', 10184, '2003-11-14 00:00:00', 'Shipped'),
(86, 320, 'Mini Creations Ltd.', 10185, '2003-11-14 00:00:00', 'Shipped'),
(87, 489, 'Double Decker Gift Stores, Ltd', 10186, '2003-11-14 00:00:00', 'Shipped'),
(88, 211, 'King Kong Collectables, Co.', 10187, '2003-11-15 00:00:00', 'Shipped'),
(89, 167, 'Herkku Gifts', 10188, '2003-11-18 00:00:00', 'Shipped'),
(90, 205, 'Toys4GrownUps.com', 10189, '2003-11-18 00:00:00', 'Shipped'),
(91, 141, 'Euro+ Shopping Channel', 10190, '2003-11-19 00:00:00', 'Shipped'),
(92, 259, 'Toms Spezialitäten, Ltd', 10191, '2003-11-20 00:00:00', 'Shipped'),
(93, 363, 'Online Diecast Creations Co.', 10192, '2003-11-20 00:00:00', 'Shipped'),
(94, 471, 'Australian Collectables, Ltd', 10193, '2003-11-21 00:00:00', 'Shipped'),
(95, 146, 'Saveley & Henriot, Co.', 10194, '2003-11-25 00:00:00', 'Shipped'),
(96, 319, 'Mini Classics', 10195, '2003-11-25 00:00:00', 'Shipped'),
(97, 455, 'Super Scale Inc.', 10196, '2003-11-26 00:00:00', 'Shipped'),
(98, 216, 'Enaco Distributors', 10197, '2003-11-26 00:00:00', 'Shipped'),
(99, 385, 'Cruz & Sons Co.', 10198, '2003-11-27 00:00:00', 'Shipped'),
(100, 475, 'West Coast Collectables Co.', 10199, '2003-12-01 00:00:00', 'Shipped'),
(101, 211, 'King Kong Collectables, Co.', 10200, '2003-12-01 00:00:00', 'Shipped'),
(102, 129, 'Mini Wheels Co.', 10201, '2003-12-01 00:00:00', 'Shipped'),
(103, 357, 'GiftsForHim.com', 10202, '2003-12-02 00:00:00', 'Shipped'),
(104, 141, 'Euro+ Shopping Channel', 10203, '2003-12-02 00:00:00', 'Shipped'),
(105, 151, 'Muscle Machine Inc', 10204, '2003-12-02 00:00:00', 'Shipped'),
(106, 141, 'Euro+ Shopping Channel', 10205, '2003-12-03 00:00:00', 'Shipped'),
(107, 202, 'Canadian Gift Exchange Network', 10206, '2003-12-05 00:00:00', 'Shipped'),
(108, 495, 'Diecast Collectables', 10207, '2003-12-09 00:00:00', 'Shipped'),
(109, 146, 'Saveley & Henriot, Co.', 10208, '2004-01-02 00:00:00', 'Shipped'),
(110, 347, 'Men \'R\' US Retailers, Ltd.', 10209, '2004-01-09 00:00:00', 'Shipped'),
(111, 177, 'Osaka Souveniers Co.', 10210, '2004-01-12 00:00:00', 'Shipped'),
(112, 406, 'Auto Canal+ Petit', 10211, '2004-01-15 00:00:00', 'Shipped'),
(113, 141, 'Euro+ Shopping Channel', 10212, '2004-01-16 00:00:00', 'Shipped'),
(114, 489, 'Double Decker Gift Stores, Ltd', 10213, '2004-01-22 00:00:00', 'Shipped'),
(115, 458, 'Corrida Auto Replicas, Ltd', 10214, '2004-01-26 00:00:00', 'Shipped'),
(116, 475, 'West Coast Collectables Co.', 10215, '2004-01-29 00:00:00', 'Shipped'),
(117, 256, 'Auto Associés & Cie.', 10216, '2004-02-02 00:00:00', 'Shipped'),
(118, 166, 'Handji Gifts& Co', 10217, '2004-02-04 00:00:00', 'Shipped'),
(119, 473, 'Frau da Collezione', 10218, '2004-02-09 00:00:00', 'Shipped'),
(120, 487, 'Signal Collectibles Ltd.', 10219, '2004-02-10 00:00:00', 'Shipped'),
(121, 189, 'Clover Collections, Co.', 10220, '2004-02-12 00:00:00', 'Shipped'),
(122, 314, 'Petit Auto', 10221, '2004-02-18 00:00:00', 'Shipped'),
(123, 239, 'Collectable Mini Designs Co.', 10222, '2004-02-19 00:00:00', 'Shipped'),
(124, 114, 'Australian Collectors, Co.', 10223, '2004-02-20 00:00:00', 'Shipped'),
(125, 171, 'Daedalus Designs Imports', 10224, '2004-02-21 00:00:00', 'Shipped'),
(126, 298, 'Vida Sport, Ltd', 10225, '2004-02-22 00:00:00', 'Shipped'),
(127, 239, 'Collectable Mini Designs Co.', 10226, '2004-02-26 00:00:00', 'Shipped'),
(128, 146, 'Saveley & Henriot, Co.', 10227, '2004-03-02 00:00:00', 'Shipped'),
(129, 173, 'Cambridge Collectables Co.', 10228, '2004-03-10 00:00:00', 'Shipped'),
(130, 124, 'Mini Gifts Distributors Ltd.', 10229, '2004-03-11 00:00:00', 'Shipped'),
(131, 128, 'Blauer See Auto, Co.', 10230, '2004-03-15 00:00:00', 'Shipped'),
(132, 344, 'CAF Imports', 10231, '2004-03-19 00:00:00', 'Shipped'),
(133, 240, 'giftsbymail.co.uk', 10232, '2004-03-20 00:00:00', 'Shipped'),
(134, 328, 'Tekni Collectables Inc.', 10233, '2004-03-29 00:00:00', 'Shipped'),
(135, 412, 'Extreme Desk Decorations, Ltd', 10234, '2004-03-30 00:00:00', 'Shipped'),
(136, 260, 'Royal Canadian Collectables, Ltd.', 10235, '2004-04-02 00:00:00', 'Shipped'),
(137, 486, 'Motor Mint Distributors Inc.', 10236, '2004-04-03 00:00:00', 'Shipped'),
(138, 181, 'Vitachrome Inc.', 10237, '2004-04-05 00:00:00', 'Shipped'),
(139, 145, 'Danish Wholesale Imports', 10238, '2004-04-09 00:00:00', 'Shipped'),
(140, 311, 'Oulu Toy Supplies, Inc.', 10239, '2004-04-12 00:00:00', 'Shipped'),
(141, 177, 'Osaka Souveniers Co.', 10240, '2004-04-13 00:00:00', 'Shipped'),
(142, 209, 'Mini Caravy', 10241, '2004-04-13 00:00:00', 'Shipped'),
(143, 456, 'Microscale Inc.', 10242, '2004-04-20 00:00:00', 'Shipped'),
(144, 495, 'Diecast Collectables', 10243, '2004-04-26 00:00:00', 'Shipped'),
(145, 141, 'Euro+ Shopping Channel', 10244, '2004-04-29 00:00:00', 'Shipped'),
(146, 455, 'Super Scale Inc.', 10245, '2004-05-04 00:00:00', 'Shipped'),
(147, 141, 'Euro+ Shopping Channel', 10246, '2004-05-05 00:00:00', 'Shipped'),
(148, 334, 'Suominen Souveniers', 10247, '2004-05-05 00:00:00', 'Shipped'),
(149, 131, 'Land of Toys Inc.', 10248, '2004-05-07 00:00:00', 'Cancelled'),
(150, 173, 'Cambridge Collectables Co.', 10249, '2004-05-08 00:00:00', 'Shipped'),
(151, 450, 'The Sharp Gifts Warehouse', 10250, '2004-05-11 00:00:00', 'Shipped'),
(152, 328, 'Tekni Collectables Inc.', 10251, '2004-05-18 00:00:00', 'Shipped'),
(153, 406, 'Auto Canal+ Petit', 10252, '2004-05-26 00:00:00', 'Shipped'),
(154, 201, 'UK Collectables, Ltd.', 10253, '2004-06-01 00:00:00', 'Cancelled'),
(155, 323, 'Down Under Souveniers, Inc', 10254, '2004-06-03 00:00:00', 'Shipped'),
(156, 209, 'Mini Caravy', 10255, '2004-06-04 00:00:00', 'Shipped'),
(157, 145, 'Danish Wholesale Imports', 10256, '2004-06-08 00:00:00', 'Shipped'),
(158, 450, 'The Sharp Gifts Warehouse', 10257, '2004-06-14 00:00:00', 'Shipped'),
(159, 398, 'Tokyo Collectables, Ltd', 10258, '2004-06-15 00:00:00', 'Shipped'),
(160, 166, 'Handji Gifts& Co', 10259, '2004-06-15 00:00:00', 'Shipped'),
(161, 357, 'GiftsForHim.com', 10260, '2004-06-16 00:00:00', 'Cancelled'),
(162, 233, 'Québec Home Shopping Network', 10261, '2004-06-17 00:00:00', 'Shipped'),
(163, 141, 'Euro+ Shopping Channel', 10262, '2004-06-24 00:00:00', 'Cancelled'),
(164, 175, 'Gift Depot Inc.', 10263, '2004-06-28 00:00:00', 'Shipped'),
(165, 362, 'Gifts4AllAges.com', 10264, '2004-06-30 00:00:00', 'Shipped'),
(166, 471, 'Australian Collectables, Ltd', 10265, '2004-07-02 00:00:00', 'Shipped'),
(167, 386, 'L\'ordine Souveniers', 10266, '2004-07-06 00:00:00', 'Shipped'),
(168, 151, 'Muscle Machine Inc', 10267, '2004-07-07 00:00:00', 'Shipped'),
(169, 412, 'Extreme Desk Decorations, Ltd', 10268, '2004-07-12 00:00:00', 'Shipped'),
(170, 382, 'Salzburg Collectables', 10269, '2004-07-16 00:00:00', 'Shipped'),
(171, 282, 'Souveniers And Things Co.', 10270, '2004-07-19 00:00:00', 'Shipped'),
(172, 124, 'Mini Gifts Distributors Ltd.', 10271, '2004-07-20 00:00:00', 'Shipped'),
(173, 157, 'Diecast Classics Inc.', 10272, '2004-07-20 00:00:00', 'Shipped'),
(174, 314, 'Petit Auto', 10273, '2004-07-21 00:00:00', 'Shipped'),
(175, 379, 'Collectables For Less Inc.', 10274, '2004-07-21 00:00:00', 'Shipped'),
(176, 119, 'La Rochelle Gifts', 10275, '2004-07-23 00:00:00', 'Shipped'),
(177, 204, 'Online Mini Collectables', 10276, '2004-08-02 00:00:00', 'Shipped'),
(178, 148, 'Dragon Souveniers, Ltd.', 10277, '2004-08-04 00:00:00', 'Shipped'),
(179, 112, 'Signal Gift Stores', 10278, '2004-08-06 00:00:00', 'Shipped'),
(180, 141, 'Euro+ Shopping Channel', 10279, '2004-08-09 00:00:00', 'Shipped'),
(181, 249, 'Amica Models & Co.', 10280, '2004-08-17 00:00:00', 'Shipped'),
(182, 157, 'Diecast Classics Inc.', 10281, '2004-08-19 00:00:00', 'Shipped'),
(183, 124, 'Mini Gifts Distributors Ltd.', 10282, '2004-08-20 00:00:00', 'Shipped'),
(184, 260, 'Royal Canadian Collectables, Ltd.', 10283, '2004-08-20 00:00:00', 'Shipped'),
(185, 299, 'Norway Gifts By Mail, Co.', 10284, '2004-08-21 00:00:00', 'Shipped'),
(186, 286, 'Marta\'s Replicas Co.', 10285, '2004-08-27 00:00:00', 'Shipped'),
(187, 172, 'La Corne D\'abondance, Co.', 10286, '2004-08-28 00:00:00', 'Shipped'),
(188, 298, 'Vida Sport, Ltd', 10287, '2004-08-30 00:00:00', 'Shipped'),
(189, 166, 'Handji Gifts& Co', 10288, '2004-09-01 00:00:00', 'Shipped'),
(190, 167, 'Herkku Gifts', 10289, '2004-09-03 00:00:00', 'Shipped'),
(191, 198, 'Auto-Moto Classics Inc.', 10290, '2004-09-07 00:00:00', 'Shipped'),
(192, 448, 'Scandinavian Gift Ideas', 10291, '2004-09-08 00:00:00', 'Shipped'),
(193, 131, 'Land of Toys Inc.', 10292, '2004-09-08 00:00:00', 'Shipped'),
(194, 249, 'Amica Models & Co.', 10293, '2004-09-09 00:00:00', 'Shipped'),
(195, 204, 'Online Mini Collectables', 10294, '2004-09-10 00:00:00', 'Shipped'),
(196, 362, 'Gifts4AllAges.com', 10295, '2004-09-10 00:00:00', 'Shipped'),
(197, 415, 'Bavarian Collectables Imports, Co.', 10296, '2004-09-15 00:00:00', 'Shipped'),
(198, 189, 'Clover Collections, Co.', 10297, '2004-09-16 00:00:00', 'Shipped'),
(199, 103, 'Atelier graphique', 10298, '2004-09-27 00:00:00', 'Shipped'),
(200, 186, 'Toys of Finland, Co.', 10299, '2004-09-30 00:00:00', 'Shipped'),
(201, 128, 'Blauer See Auto, Co.', 10300, '2003-10-04 00:00:00', 'Shipped'),
(202, 299, 'Norway Gifts By Mail, Co.', 10301, '2003-10-05 00:00:00', 'Shipped'),
(203, 201, 'UK Collectables, Ltd.', 10302, '2003-10-06 00:00:00', 'Shipped'),
(204, 484, 'Iberia Gift Imports, Corp.', 10303, '2004-10-06 00:00:00', 'Shipped'),
(205, 256, 'Auto Associés & Cie.', 10304, '2004-10-11 00:00:00', 'Shipped'),
(206, 286, 'Marta\'s Replicas Co.', 10305, '2004-10-13 00:00:00', 'Shipped'),
(207, 187, 'AV Stores, Co.', 10306, '2004-10-14 00:00:00', 'Shipped'),
(208, 339, 'Classic Gift Ideas, Inc', 10307, '2004-10-14 00:00:00', 'Shipped'),
(209, 319, 'Mini Classics', 10308, '2004-10-15 00:00:00', 'Shipped'),
(210, 121, 'Baane Mini Imports', 10309, '2004-10-15 00:00:00', 'Shipped'),
(211, 259, 'Toms Spezialitäten, Ltd', 10310, '2004-10-16 00:00:00', 'Shipped'),
(212, 141, 'Euro+ Shopping Channel', 10311, '2004-10-16 00:00:00', 'Shipped'),
(213, 124, 'Mini Gifts Distributors Ltd.', 10312, '2004-10-21 00:00:00', 'Shipped'),
(214, 202, 'Canadian Gift Exchange Network', 10313, '2004-10-22 00:00:00', 'Shipped'),
(215, 227, 'Heintze Collectables', 10314, '2004-10-22 00:00:00', 'Shipped'),
(216, 119, 'La Rochelle Gifts', 10315, '2004-10-29 00:00:00', 'Shipped'),
(217, 240, 'giftsbymail.co.uk', 10316, '2004-11-01 00:00:00', 'Shipped'),
(218, 161, 'Technics Stores Inc.', 10317, '2004-11-02 00:00:00', 'Shipped'),
(219, 157, 'Diecast Classics Inc.', 10318, '2004-11-02 00:00:00', 'Shipped'),
(220, 456, 'Microscale Inc.', 10319, '2004-11-03 00:00:00', 'Shipped'),
(221, 144, 'Volvo Model Replicas, Co', 10320, '2004-11-03 00:00:00', 'Shipped'),
(222, 462, 'FunGiftIdeas.com', 10321, '2004-11-04 00:00:00', 'Shipped'),
(223, 363, 'Online Diecast Creations Co.', 10322, '2004-11-04 00:00:00', 'Shipped'),
(224, 128, 'Blauer See Auto, Co.', 10323, '2004-11-05 00:00:00', 'Shipped'),
(225, 181, 'Vitachrome Inc.', 10324, '2004-11-05 00:00:00', 'Shipped'),
(226, 121, 'Baane Mini Imports', 10325, '2004-11-05 00:00:00', 'Shipped'),
(227, 144, 'Volvo Model Replicas, Co', 10326, '2004-11-09 00:00:00', 'Shipped'),
(228, 145, 'Danish Wholesale Imports', 10327, '2004-11-10 00:00:00', 'Resolved'),
(229, 278, 'Rovelli Gifts', 10328, '2004-11-12 00:00:00', 'Shipped'),
(230, 131, 'Land of Toys Inc.', 10329, '2004-11-15 00:00:00', 'Shipped'),
(231, 385, 'Cruz & Sons Co.', 10330, '2004-11-16 00:00:00', 'Shipped'),
(232, 486, 'Motor Mint Distributors Inc.', 10331, '2004-11-17 00:00:00', 'Shipped'),
(233, 187, 'AV Stores, Co.', 10332, '2004-11-17 00:00:00', 'Shipped'),
(234, 129, 'Mini Wheels Co.', 10333, '2004-11-18 00:00:00', 'Shipped'),
(235, 144, 'Volvo Model Replicas, Co', 10334, '2004-11-19 00:00:00', 'On Hold'),
(236, 124, 'Mini Gifts Distributors Ltd.', 10335, '2004-11-19 00:00:00', 'Shipped'),
(237, 172, 'La Corne D\'abondance, Co.', 10336, '2004-11-20 00:00:00', 'Shipped'),
(238, 424, 'Classic Legends Inc.', 10337, '2004-11-21 00:00:00', 'Shipped'),
(239, 381, 'Royale Belge', 10338, '2004-11-22 00:00:00', 'Shipped'),
(240, 398, 'Tokyo Collectables, Ltd', 10339, '2004-11-23 00:00:00', 'Shipped'),
(241, 216, 'Enaco Distributors', 10340, '2004-11-24 00:00:00', 'Shipped'),
(242, 382, 'Salzburg Collectables', 10341, '2004-11-24 00:00:00', 'Shipped'),
(243, 114, 'Australian Collectors, Co.', 10342, '2004-11-24 00:00:00', 'Shipped'),
(244, 353, 'Reims Collectables', 10343, '2004-11-24 00:00:00', 'Shipped'),
(245, 350, 'Marseille Mini Autos', 10344, '2004-11-25 00:00:00', 'Shipped'),
(246, 103, 'Atelier graphique', 10345, '2004-11-25 00:00:00', 'Shipped'),
(247, 112, 'Signal Gift Stores', 10346, '2004-11-29 00:00:00', 'Shipped'),
(248, 114, 'Australian Collectors, Co.', 10347, '2004-11-29 00:00:00', 'Shipped'),
(249, 458, 'Corrida Auto Replicas, Ltd', 10348, '2004-11-01 00:00:00', 'Shipped'),
(250, 151, 'Muscle Machine Inc', 10349, '2004-12-01 00:00:00', 'Shipped'),
(251, 141, 'Euro+ Shopping Channel', 10350, '2004-12-02 00:00:00', 'Shipped'),
(252, 324, 'Stylish Desk Decors, Co.', 10351, '2004-12-03 00:00:00', 'Shipped'),
(253, 198, 'Auto-Moto Classics Inc.', 10352, '2004-12-03 00:00:00', 'Shipped'),
(254, 447, 'Gift Ideas Corp.', 10353, '2004-12-04 00:00:00', 'Shipped'),
(255, 323, 'Down Under Souveniers, Inc', 10354, '2004-12-04 00:00:00', 'Shipped'),
(256, 141, 'Euro+ Shopping Channel', 10355, '2004-12-07 00:00:00', 'Shipped'),
(257, 250, 'Lyon Souveniers', 10356, '2004-12-09 00:00:00', 'Shipped'),
(258, 124, 'Mini Gifts Distributors Ltd.', 10357, '2004-12-10 00:00:00', 'Shipped'),
(259, 141, 'Euro+ Shopping Channel', 10358, '2004-12-10 00:00:00', 'Shipped'),
(260, 353, 'Reims Collectables', 10359, '2004-12-15 00:00:00', 'Shipped'),
(261, 496, 'Kelly\'s Gift Shop', 10360, '2004-12-16 00:00:00', 'Shipped'),
(262, 282, 'Souveniers And Things Co.', 10361, '2004-12-17 00:00:00', 'Shipped'),
(263, 161, 'Technics Stores Inc.', 10362, '2005-01-05 00:00:00', 'Shipped'),
(264, 334, 'Suominen Souveniers', 10363, '2005-01-06 00:00:00', 'Shipped'),
(265, 350, 'Marseille Mini Autos', 10364, '2005-01-06 00:00:00', 'Shipped'),
(266, 320, 'Mini Creations Ltd.', 10365, '2005-01-07 00:00:00', 'Shipped'),
(267, 381, 'Royale Belge', 10366, '2005-01-10 00:00:00', 'Shipped'),
(268, 205, 'Toys4GrownUps.com', 10367, '2005-01-12 00:00:00', 'Resolved'),
(269, 124, 'Mini Gifts Distributors Ltd.', 10368, '2005-01-19 00:00:00', 'Shipped'),
(270, 379, 'Collectables For Less Inc.', 10369, '2005-01-20 00:00:00', 'Shipped'),
(271, 276, 'Anna\'s Decorations, Ltd', 10370, '2005-01-20 00:00:00', 'Shipped'),
(272, 124, 'Mini Gifts Distributors Ltd.', 10371, '2005-01-23 00:00:00', 'Shipped'),
(273, 398, 'Tokyo Collectables, Ltd', 10372, '2005-01-26 00:00:00', 'Shipped'),
(274, 311, 'Oulu Toy Supplies, Inc.', 10373, '2005-01-31 00:00:00', 'Shipped'),
(275, 333, 'Australian Gift Network, Co', 10374, '2005-02-02 00:00:00', 'Shipped'),
(276, 119, 'La Rochelle Gifts', 10375, '2005-02-03 00:00:00', 'Shipped'),
(277, 219, 'Boards & Toys Co.', 10376, '2005-02-08 00:00:00', 'Shipped'),
(278, 186, 'Toys of Finland, Co.', 10377, '2005-02-09 00:00:00', 'Shipped'),
(279, 141, 'Euro+ Shopping Channel', 10378, '2005-02-10 00:00:00', 'Shipped'),
(280, 141, 'Euro+ Shopping Channel', 10379, '2005-02-10 00:00:00', 'Shipped'),
(281, 141, 'Euro+ Shopping Channel', 10380, '2005-02-16 00:00:00', 'Shipped'),
(282, 321, 'Corporate Gift Ideas Co.', 10381, '2005-02-17 00:00:00', 'Shipped'),
(283, 124, 'Mini Gifts Distributors Ltd.', 10382, '2005-02-17 00:00:00', 'Shipped'),
(284, 141, 'Euro+ Shopping Channel', 10383, '2005-02-22 00:00:00', 'Shipped'),
(285, 321, 'Corporate Gift Ideas Co.', 10384, '2005-02-23 00:00:00', 'Shipped'),
(286, 124, 'Mini Gifts Distributors Ltd.', 10385, '2005-02-28 00:00:00', 'Shipped'),
(287, 141, 'Euro+ Shopping Channel', 10386, '2005-03-01 00:00:00', 'Resolved'),
(288, 148, 'Dragon Souveniers, Ltd.', 10387, '2005-03-02 00:00:00', 'Shipped'),
(289, 462, 'FunGiftIdeas.com', 10388, '2005-03-03 00:00:00', 'Shipped'),
(290, 448, 'Scandinavian Gift Ideas', 10389, '2005-03-03 00:00:00', 'Shipped'),
(291, 124, 'Mini Gifts Distributors Ltd.', 10390, '2005-03-04 00:00:00', 'Shipped'),
(292, 276, 'Anna\'s Decorations, Ltd', 10391, '2005-03-09 00:00:00', 'Shipped'),
(293, 452, 'Mini Auto Werke', 10392, '2005-03-10 00:00:00', 'Shipped'),
(294, 323, 'Down Under Souveniers, Inc', 10393, '2005-03-11 00:00:00', 'Shipped'),
(295, 141, 'Euro+ Shopping Channel', 10394, '2005-03-15 00:00:00', 'Shipped'),
(296, 250, 'Lyon Souveniers', 10395, '2005-03-17 00:00:00', 'Shipped'),
(297, 124, 'Mini Gifts Distributors Ltd.', 10396, '2005-03-23 00:00:00', 'Shipped'),
(298, 242, 'Alpha Cognac', 10397, '2005-03-28 00:00:00', 'Shipped'),
(299, 353, 'Reims Collectables', 10398, '2005-03-30 00:00:00', 'Shipped'),
(300, 496, 'Kelly\'s Gift Shop', 10399, '2005-04-01 00:00:00', 'Shipped'),
(301, 450, 'The Sharp Gifts Warehouse', 10400, '2005-04-01 00:00:00', 'Shipped'),
(302, 328, 'Tekni Collectables Inc.', 10401, '2005-04-03 00:00:00', 'On Hold'),
(303, 406, 'Auto Canal+ Petit', 10402, '2005-04-07 00:00:00', 'Shipped'),
(304, 201, 'UK Collectables, Ltd.', 10403, '2005-04-08 00:00:00', 'Shipped'),
(305, 323, 'Down Under Souveniers, Inc', 10404, '2005-04-08 00:00:00', 'Shipped'),
(306, 209, 'Mini Caravy', 10405, '2005-04-14 00:00:00', 'Shipped'),
(307, 145, 'Danish Wholesale Imports', 10406, '2005-04-15 00:00:00', 'Disputed'),
(308, 450, 'The Sharp Gifts Warehouse', 10407, '2005-04-22 00:00:00', 'On Hold'),
(309, 398, 'Tokyo Collectables, Ltd', 10408, '2005-04-22 00:00:00', 'Shipped'),
(310, 166, 'Handji Gifts& Co', 10409, '2005-04-23 00:00:00', 'Shipped'),
(311, 357, 'GiftsForHim.com', 10410, '2005-04-29 00:00:00', 'Shipped'),
(312, 233, 'Québec Home Shopping Network', 10411, '2005-05-01 00:00:00', 'Shipped'),
(313, 141, 'Euro+ Shopping Channel', 10412, '2005-05-03 00:00:00', 'Shipped'),
(314, 175, 'Gift Depot Inc.', 10413, '2005-05-05 00:00:00', 'Shipped'),
(315, 362, 'Gifts4AllAges.com', 10414, '2005-05-06 00:00:00', 'On Hold'),
(316, 471, 'Australian Collectables, Ltd', 10415, '2005-05-09 00:00:00', 'Disputed'),
(317, 386, 'L\'ordine Souveniers', 10416, '2005-05-10 00:00:00', 'Shipped'),
(318, 141, 'Euro+ Shopping Channel', 10417, '2005-05-13 00:00:00', 'Disputed'),
(319, 412, 'Extreme Desk Decorations, Ltd', 10418, '2005-05-16 00:00:00', 'Shipped'),
(320, 382, 'Salzburg Collectables', 10419, '2005-05-17 00:00:00', 'Shipped'),
(321, 282, 'Souveniers And Things Co.', 10420, '2005-05-29 00:00:00', 'In Process'),
(322, 124, 'Mini Gifts Distributors Ltd.', 10421, '2005-05-29 00:00:00', 'In Process'),
(323, 157, 'Diecast Classics Inc.', 10422, '2005-05-30 00:00:00', 'In Process'),
(324, 314, 'Petit Auto', 10423, '2005-05-30 00:00:00', 'In Process'),
(325, 141, 'Euro+ Shopping Channel', 10424, '2005-05-31 00:00:00', 'In Process'),
(326, 119, 'La Rochelle Gifts', 10425, '2005-05-31 00:00:00', 'In Process');

-- --------------------------------------------------------

--
-- Table structure for table `dim_orders`
--

CREATE TABLE `dim_orders` (
  `sk_order` int(11) DEFAULT NULL,
  `customerNumber` int(11) DEFAULT NULL,
  `customerName` varchar(50) DEFAULT NULL,
  `orderNumber` int(11) DEFAULT NULL,
  `status` varchar(15) DEFAULT NULL
) ENGINE=InnoDB DEFAULT CHARSET=utf8mb4;

--
-- Dumping data for table `dim_orders`
--

INSERT INTO `dim_orders` (`sk_order`, `customerNumber`, `customerName`, `orderNumber`, `status`) VALUES
(1, 363, 'Online Diecast Creations Co.', 10100, 'Shipped'),
(2, 128, 'Blauer See Auto, Co.', 10101, 'Shipped'),
(3, 181, 'Vitachrome Inc.', 10102, 'Shipped'),
(4, 121, 'Baane Mini Imports', 10103, 'Shipped'),
(5, 141, 'Euro+ Shopping Channel', 10104, 'Shipped'),
(6, 145, 'Danish Wholesale Imports', 10105, 'Shipped'),
(7, 278, 'Rovelli Gifts', 10106, 'Shipped'),
(8, 131, 'Land of Toys Inc.', 10107, 'Shipped'),
(9, 385, 'Cruz & Sons Co.', 10108, 'Shipped'),
(10, 486, 'Motor Mint Distributors Inc.', 10109, 'Shipped'),
(11, 187, 'AV Stores, Co.', 10110, 'Shipped'),
(12, 129, 'Mini Wheels Co.', 10111, 'Shipped'),
(13, 144, 'Volvo Model Replicas, Co', 10112, 'Shipped'),
(14, 124, 'Mini Gifts Distributors Ltd.', 10113, 'Shipped'),
(15, 172, 'La Corne D\'abondance, Co.', 10114, 'Shipped'),
(16, 424, 'Classic Legends Inc.', 10115, 'Shipped'),
(17, 381, 'Royale Belge', 10116, 'Shipped'),
(18, 148, 'Dragon Souveniers, Ltd.', 10117, 'Shipped'),
(19, 216, 'Enaco Distributors', 10118, 'Shipped'),
(20, 382, 'Salzburg Collectables', 10119, 'Shipped'),
(21, 114, 'Australian Collectors, Co.', 10120, 'Shipped'),
(22, 353, 'Reims Collectables', 10121, 'Shipped'),
(23, 350, 'Marseille Mini Autos', 10122, 'Shipped'),
(24, 103, 'Atelier graphique', 10123, 'Shipped'),
(25, 112, 'Signal Gift Stores', 10124, 'Shipped'),
(26, 114, 'Australian Collectors, Co.', 10125, 'Shipped'),
(27, 458, 'Corrida Auto Replicas, Ltd', 10126, 'Shipped'),
(28, 151, 'Muscle Machine Inc', 10127, 'Shipped'),
(29, 141, 'Euro+ Shopping Channel', 10128, 'Shipped'),
(30, 324, 'Stylish Desk Decors, Co.', 10129, 'Shipped'),
(31, 198, 'Auto-Moto Classics Inc.', 10130, 'Shipped'),
(32, 447, 'Gift Ideas Corp.', 10131, 'Shipped'),
(33, 323, 'Down Under Souveniers, Inc', 10132, 'Shipped'),
(34, 141, 'Euro+ Shopping Channel', 10133, 'Shipped'),
(35, 250, 'Lyon Souveniers', 10134, 'Shipped'),
(36, 124, 'Mini Gifts Distributors Ltd.', 10135, 'Shipped'),
(37, 242, 'Alpha Cognac', 10136, 'Shipped'),
(38, 353, 'Reims Collectables', 10137, 'Shipped'),
(39, 496, 'Kelly\'s Gift Shop', 10138, 'Shipped'),
(40, 282, 'Souveniers And Things Co.', 10139, 'Shipped'),
(41, 161, 'Technics Stores Inc.', 10140, 'Shipped'),
(42, 334, 'Suominen Souveniers', 10141, 'Shipped'),
(43, 124, 'Mini Gifts Distributors Ltd.', 10142, 'Shipped'),
(44, 320, 'Mini Creations Ltd.', 10143, 'Shipped'),
(45, 381, 'Royale Belge', 10144, 'Shipped'),
(46, 205, 'Toys4GrownUps.com', 10145, 'Shipped'),
(47, 447, 'Gift Ideas Corp.', 10146, 'Shipped'),
(48, 379, 'Collectables For Less Inc.', 10147, 'Shipped'),
(49, 276, 'Anna\'s Decorations, Ltd', 10148, 'Shipped'),
(50, 487, 'Signal Collectibles Ltd.', 10149, 'Shipped'),
(51, 148, 'Dragon Souveniers, Ltd.', 10150, 'Shipped'),
(52, 311, 'Oulu Toy Supplies, Inc.', 10151, 'Shipped'),
(53, 333, 'Australian Gift Network, Co', 10152, 'Shipped'),
(54, 141, 'Euro+ Shopping Channel', 10153, 'Shipped'),
(55, 219, 'Boards & Toys Co.', 10154, 'Shipped'),
(56, 186, 'Toys of Finland, Co.', 10155, 'Shipped'),
(57, 141, 'Euro+ Shopping Channel', 10156, 'Shipped'),
(58, 473, 'Frau da Collezione', 10157, 'Shipped'),
(59, 121, 'Baane Mini Imports', 10158, 'Shipped'),
(60, 321, 'Corporate Gift Ideas Co.', 10159, 'Shipped'),
(61, 347, 'Men \'R\' US Retailers, Ltd.', 10160, 'Shipped'),
(62, 227, 'Heintze Collectables', 10161, 'Shipped'),
(63, 321, 'Corporate Gift Ideas Co.', 10162, 'Shipped'),
(64, 424, 'Classic Legends Inc.', 10163, 'Shipped'),
(65, 452, 'Mini Auto Werke', 10164, 'Resolved'),
(66, 148, 'Dragon Souveniers, Ltd.', 10165, 'Shipped'),
(67, 462, 'FunGiftIdeas.com', 10166, 'Shipped'),
(68, 448, 'Scandinavian Gift Ideas', 10167, 'Cancelled'),
(69, 161, 'Technics Stores Inc.', 10168, 'Shipped'),
(70, 276, 'Anna\'s Decorations, Ltd', 10169, 'Shipped'),
(71, 452, 'Mini Auto Werke', 10170, 'Shipped'),
(72, 233, 'Québec Home Shopping Network', 10171, 'Shipped'),
(73, 175, 'Gift Depot Inc.', 10172, 'Shipped'),
(74, 278, 'Rovelli Gifts', 10173, 'Shipped'),
(75, 333, 'Australian Gift Network, Co', 10174, 'Shipped'),
(76, 324, 'Stylish Desk Decors, Co.', 10175, 'Shipped'),
(77, 386, 'L\'ordine Souveniers', 10176, 'Shipped'),
(78, 344, 'CAF Imports', 10177, 'Shipped'),
(79, 242, 'Alpha Cognac', 10178, 'Shipped'),
(80, 496, 'Kelly\'s Gift Shop', 10179, 'Cancelled'),
(81, 171, 'Daedalus Designs Imports', 10180, 'Shipped'),
(82, 167, 'Herkku Gifts', 10181, 'Shipped'),
(83, 124, 'Mini Gifts Distributors Ltd.', 10182, 'Shipped'),
(84, 339, 'Classic Gift Ideas, Inc', 10183, 'Shipped'),
(85, 484, 'Iberia Gift Imports, Corp.', 10184, 'Shipped'),
(86, 320, 'Mini Creations Ltd.', 10185, 'Shipped'),
(87, 489, 'Double Decker Gift Stores, Ltd', 10186, 'Shipped'),
(88, 211, 'King Kong Collectables, Co.', 10187, 'Shipped'),
(89, 167, 'Herkku Gifts', 10188, 'Shipped'),
(90, 205, 'Toys4GrownUps.com', 10189, 'Shipped'),
(91, 141, 'Euro+ Shopping Channel', 10190, 'Shipped'),
(92, 259, 'Toms Spezialitäten, Ltd', 10191, 'Shipped'),
(93, 363, 'Online Diecast Creations Co.', 10192, 'Shipped'),
(94, 471, 'Australian Collectables, Ltd', 10193, 'Shipped'),
(95, 146, 'Saveley & Henriot, Co.', 10194, 'Shipped'),
(96, 319, 'Mini Classics', 10195, 'Shipped'),
(97, 455, 'Super Scale Inc.', 10196, 'Shipped'),
(98, 216, 'Enaco Distributors', 10197, 'Shipped'),
(99, 385, 'Cruz & Sons Co.', 10198, 'Shipped'),
(100, 475, 'West Coast Collectables Co.', 10199, 'Shipped'),
(101, 211, 'King Kong Collectables, Co.', 10200, 'Shipped'),
(102, 129, 'Mini Wheels Co.', 10201, 'Shipped'),
(103, 357, 'GiftsForHim.com', 10202, 'Shipped'),
(104, 141, 'Euro+ Shopping Channel', 10203, 'Shipped'),
(105, 151, 'Muscle Machine Inc', 10204, 'Shipped'),
(106, 141, 'Euro+ Shopping Channel', 10205, 'Shipped'),
(107, 202, 'Canadian Gift Exchange Network', 10206, 'Shipped'),
(108, 495, 'Diecast Collectables', 10207, 'Shipped'),
(109, 146, 'Saveley & Henriot, Co.', 10208, 'Shipped'),
(110, 347, 'Men \'R\' US Retailers, Ltd.', 10209, 'Shipped'),
(111, 177, 'Osaka Souveniers Co.', 10210, 'Shipped'),
(112, 406, 'Auto Canal+ Petit', 10211, 'Shipped'),
(113, 141, 'Euro+ Shopping Channel', 10212, 'Shipped'),
(114, 489, 'Double Decker Gift Stores, Ltd', 10213, 'Shipped'),
(115, 458, 'Corrida Auto Replicas, Ltd', 10214, 'Shipped'),
(116, 475, 'West Coast Collectables Co.', 10215, 'Shipped'),
(117, 256, 'Auto Associés & Cie.', 10216, 'Shipped'),
(118, 166, 'Handji Gifts& Co', 10217, 'Shipped'),
(119, 473, 'Frau da Collezione', 10218, 'Shipped'),
(120, 487, 'Signal Collectibles Ltd.', 10219, 'Shipped'),
(121, 189, 'Clover Collections, Co.', 10220, 'Shipped'),
(122, 314, 'Petit Auto', 10221, 'Shipped'),
(123, 239, 'Collectable Mini Designs Co.', 10222, 'Shipped'),
(124, 114, 'Australian Collectors, Co.', 10223, 'Shipped'),
(125, 171, 'Daedalus Designs Imports', 10224, 'Shipped'),
(126, 298, 'Vida Sport, Ltd', 10225, 'Shipped'),
(127, 239, 'Collectable Mini Designs Co.', 10226, 'Shipped'),
(128, 146, 'Saveley & Henriot, Co.', 10227, 'Shipped'),
(129, 173, 'Cambridge Collectables Co.', 10228, 'Shipped'),
(130, 124, 'Mini Gifts Distributors Ltd.', 10229, 'Shipped'),
(131, 128, 'Blauer See Auto, Co.', 10230, 'Shipped'),
(132, 344, 'CAF Imports', 10231, 'Shipped'),
(133, 240, 'giftsbymail.co.uk', 10232, 'Shipped'),
(134, 328, 'Tekni Collectables Inc.', 10233, 'Shipped'),
(135, 412, 'Extreme Desk Decorations, Ltd', 10234, 'Shipped'),
(136, 260, 'Royal Canadian Collectables, Ltd.', 10235, 'Shipped'),
(137, 486, 'Motor Mint Distributors Inc.', 10236, 'Shipped'),
(138, 181, 'Vitachrome Inc.', 10237, 'Shipped'),
(139, 145, 'Danish Wholesale Imports', 10238, 'Shipped'),
(140, 311, 'Oulu Toy Supplies, Inc.', 10239, 'Shipped'),
(141, 177, 'Osaka Souveniers Co.', 10240, 'Shipped'),
(142, 209, 'Mini Caravy', 10241, 'Shipped'),
(143, 456, 'Microscale Inc.', 10242, 'Shipped'),
(144, 495, 'Diecast Collectables', 10243, 'Shipped'),
(145, 141, 'Euro+ Shopping Channel', 10244, 'Shipped'),
(146, 455, 'Super Scale Inc.', 10245, 'Shipped'),
(147, 141, 'Euro+ Shopping Channel', 10246, 'Shipped'),
(148, 334, 'Suominen Souveniers', 10247, 'Shipped'),
(149, 131, 'Land of Toys Inc.', 10248, 'Cancelled'),
(150, 173, 'Cambridge Collectables Co.', 10249, 'Shipped'),
(151, 450, 'The Sharp Gifts Warehouse', 10250, 'Shipped'),
(152, 328, 'Tekni Collectables Inc.', 10251, 'Shipped'),
(153, 406, 'Auto Canal+ Petit', 10252, 'Shipped'),
(154, 201, 'UK Collectables, Ltd.', 10253, 'Cancelled'),
(155, 323, 'Down Under Souveniers, Inc', 10254, 'Shipped'),
(156, 209, 'Mini Caravy', 10255, 'Shipped'),
(157, 145, 'Danish Wholesale Imports', 10256, 'Shipped'),
(158, 450, 'The Sharp Gifts Warehouse', 10257, 'Shipped'),
(159, 398, 'Tokyo Collectables, Ltd', 10258, 'Shipped'),
(160, 166, 'Handji Gifts& Co', 10259, 'Shipped'),
(161, 357, 'GiftsForHim.com', 10260, 'Cancelled'),
(162, 233, 'Québec Home Shopping Network', 10261, 'Shipped'),
(163, 141, 'Euro+ Shopping Channel', 10262, 'Cancelled'),
(164, 175, 'Gift Depot Inc.', 10263, 'Shipped'),
(165, 362, 'Gifts4AllAges.com', 10264, 'Shipped'),
(166, 471, 'Australian Collectables, Ltd', 10265, 'Shipped'),
(167, 386, 'L\'ordine Souveniers', 10266, 'Shipped'),
(168, 151, 'Muscle Machine Inc', 10267, 'Shipped'),
(169, 412, 'Extreme Desk Decorations, Ltd', 10268, 'Shipped'),
(170, 382, 'Salzburg Collectables', 10269, 'Shipped'),
(171, 282, 'Souveniers And Things Co.', 10270, 'Shipped'),
(172, 124, 'Mini Gifts Distributors Ltd.', 10271, 'Shipped'),
(173, 157, 'Diecast Classics Inc.', 10272, 'Shipped'),
(174, 314, 'Petit Auto', 10273, 'Shipped'),
(175, 379, 'Collectables For Less Inc.', 10274, 'Shipped'),
(176, 119, 'La Rochelle Gifts', 10275, 'Shipped'),
(177, 204, 'Online Mini Collectables', 10276, 'Shipped'),
(178, 148, 'Dragon Souveniers, Ltd.', 10277, 'Shipped'),
(179, 112, 'Signal Gift Stores', 10278, 'Shipped'),
(180, 141, 'Euro+ Shopping Channel', 10279, 'Shipped'),
(181, 249, 'Amica Models & Co.', 10280, 'Shipped'),
(182, 157, 'Diecast Classics Inc.', 10281, 'Shipped'),
(183, 124, 'Mini Gifts Distributors Ltd.', 10282, 'Shipped'),
(184, 260, 'Royal Canadian Collectables, Ltd.', 10283, 'Shipped'),
(185, 299, 'Norway Gifts By Mail, Co.', 10284, 'Shipped'),
(186, 286, 'Marta\'s Replicas Co.', 10285, 'Shipped'),
(187, 172, 'La Corne D\'abondance, Co.', 10286, 'Shipped'),
(188, 298, 'Vida Sport, Ltd', 10287, 'Shipped'),
(189, 166, 'Handji Gifts& Co', 10288, 'Shipped'),
(190, 167, 'Herkku Gifts', 10289, 'Shipped'),
(191, 198, 'Auto-Moto Classics Inc.', 10290, 'Shipped'),
(192, 448, 'Scandinavian Gift Ideas', 10291, 'Shipped'),
(193, 131, 'Land of Toys Inc.', 10292, 'Shipped'),
(194, 249, 'Amica Models & Co.', 10293, 'Shipped'),
(195, 204, 'Online Mini Collectables', 10294, 'Shipped'),
(196, 362, 'Gifts4AllAges.com', 10295, 'Shipped'),
(197, 415, 'Bavarian Collectables Imports, Co.', 10296, 'Shipped'),
(198, 189, 'Clover Collections, Co.', 10297, 'Shipped'),
(199, 103, 'Atelier graphique', 10298, 'Shipped'),
(200, 186, 'Toys of Finland, Co.', 10299, 'Shipped'),
(201, 128, 'Blauer See Auto, Co.', 10300, 'Shipped'),
(202, 299, 'Norway Gifts By Mail, Co.', 10301, 'Shipped'),
(203, 201, 'UK Collectables, Ltd.', 10302, 'Shipped'),
(204, 484, 'Iberia Gift Imports, Corp.', 10303, 'Shipped'),
(205, 256, 'Auto Associés & Cie.', 10304, 'Shipped'),
(206, 286, 'Marta\'s Replicas Co.', 10305, 'Shipped'),
(207, 187, 'AV Stores, Co.', 10306, 'Shipped'),
(208, 339, 'Classic Gift Ideas, Inc', 10307, 'Shipped'),
(209, 319, 'Mini Classics', 10308, 'Shipped'),
(210, 121, 'Baane Mini Imports', 10309, 'Shipped'),
(211, 259, 'Toms Spezialitäten, Ltd', 10310, 'Shipped'),
(212, 141, 'Euro+ Shopping Channel', 10311, 'Shipped'),
(213, 124, 'Mini Gifts Distributors Ltd.', 10312, 'Shipped'),
(214, 202, 'Canadian Gift Exchange Network', 10313, 'Shipped'),
(215, 227, 'Heintze Collectables', 10314, 'Shipped'),
(216, 119, 'La Rochelle Gifts', 10315, 'Shipped'),
(217, 240, 'giftsbymail.co.uk', 10316, 'Shipped'),
(218, 161, 'Technics Stores Inc.', 10317, 'Shipped'),
(219, 157, 'Diecast Classics Inc.', 10318, 'Shipped'),
(220, 456, 'Microscale Inc.', 10319, 'Shipped'),
(221, 144, 'Volvo Model Replicas, Co', 10320, 'Shipped'),
(222, 462, 'FunGiftIdeas.com', 10321, 'Shipped'),
(223, 363, 'Online Diecast Creations Co.', 10322, 'Shipped'),
(224, 128, 'Blauer See Auto, Co.', 10323, 'Shipped'),
(225, 181, 'Vitachrome Inc.', 10324, 'Shipped'),
(226, 121, 'Baane Mini Imports', 10325, 'Shipped'),
(227, 144, 'Volvo Model Replicas, Co', 10326, 'Shipped'),
(228, 145, 'Danish Wholesale Imports', 10327, 'Resolved'),
(229, 278, 'Rovelli Gifts', 10328, 'Shipped'),
(230, 131, 'Land of Toys Inc.', 10329, 'Shipped'),
(231, 385, 'Cruz & Sons Co.', 10330, 'Shipped'),
(232, 486, 'Motor Mint Distributors Inc.', 10331, 'Shipped'),
(233, 187, 'AV Stores, Co.', 10332, 'Shipped'),
(234, 129, 'Mini Wheels Co.', 10333, 'Shipped'),
(235, 144, 'Volvo Model Replicas, Co', 10334, 'On Hold'),
(236, 124, 'Mini Gifts Distributors Ltd.', 10335, 'Shipped'),
(237, 172, 'La Corne D\'abondance, Co.', 10336, 'Shipped'),
(238, 424, 'Classic Legends Inc.', 10337, 'Shipped'),
(239, 381, 'Royale Belge', 10338, 'Shipped'),
(240, 398, 'Tokyo Collectables, Ltd', 10339, 'Shipped'),
(241, 216, 'Enaco Distributors', 10340, 'Shipped'),
(242, 382, 'Salzburg Collectables', 10341, 'Shipped'),
(243, 114, 'Australian Collectors, Co.', 10342, 'Shipped'),
(244, 353, 'Reims Collectables', 10343, 'Shipped'),
(245, 350, 'Marseille Mini Autos', 10344, 'Shipped'),
(246, 103, 'Atelier graphique', 10345, 'Shipped'),
(247, 112, 'Signal Gift Stores', 10346, 'Shipped'),
(248, 114, 'Australian Collectors, Co.', 10347, 'Shipped'),
(249, 458, 'Corrida Auto Replicas, Ltd', 10348, 'Shipped'),
(250, 151, 'Muscle Machine Inc', 10349, 'Shipped'),
(251, 141, 'Euro+ Shopping Channel', 10350, 'Shipped'),
(252, 324, 'Stylish Desk Decors, Co.', 10351, 'Shipped'),
(253, 198, 'Auto-Moto Classics Inc.', 10352, 'Shipped'),
(254, 447, 'Gift Ideas Corp.', 10353, 'Shipped'),
(255, 323, 'Down Under Souveniers, Inc', 10354, 'Shipped'),
(256, 141, 'Euro+ Shopping Channel', 10355, 'Shipped'),
(257, 250, 'Lyon Souveniers', 10356, 'Shipped'),
(258, 124, 'Mini Gifts Distributors Ltd.', 10357, 'Shipped'),
(259, 141, 'Euro+ Shopping Channel', 10358, 'Shipped'),
(260, 353, 'Reims Collectables', 10359, 'Shipped'),
(261, 496, 'Kelly\'s Gift Shop', 10360, 'Shipped'),
(262, 282, 'Souveniers And Things Co.', 10361, 'Shipped'),
(263, 161, 'Technics Stores Inc.', 10362, 'Shipped'),
(264, 334, 'Suominen Souveniers', 10363, 'Shipped'),
(265, 350, 'Marseille Mini Autos', 10364, 'Shipped'),
(266, 320, 'Mini Creations Ltd.', 10365, 'Shipped'),
(267, 381, 'Royale Belge', 10366, 'Shipped'),
(268, 205, 'Toys4GrownUps.com', 10367, 'Resolved'),
(269, 124, 'Mini Gifts Distributors Ltd.', 10368, 'Shipped'),
(270, 379, 'Collectables For Less Inc.', 10369, 'Shipped'),
(271, 276, 'Anna\'s Decorations, Ltd', 10370, 'Shipped'),
(272, 124, 'Mini Gifts Distributors Ltd.', 10371, 'Shipped'),
(273, 398, 'Tokyo Collectables, Ltd', 10372, 'Shipped'),
(274, 311, 'Oulu Toy Supplies, Inc.', 10373, 'Shipped'),
(275, 333, 'Australian Gift Network, Co', 10374, 'Shipped'),
(276, 119, 'La Rochelle Gifts', 10375, 'Shipped'),
(277, 219, 'Boards & Toys Co.', 10376, 'Shipped'),
(278, 186, 'Toys of Finland, Co.', 10377, 'Shipped'),
(279, 141, 'Euro+ Shopping Channel', 10378, 'Shipped'),
(280, 141, 'Euro+ Shopping Channel', 10379, 'Shipped'),
(281, 141, 'Euro+ Shopping Channel', 10380, 'Shipped'),
(282, 321, 'Corporate Gift Ideas Co.', 10381, 'Shipped'),
(283, 124, 'Mini Gifts Distributors Ltd.', 10382, 'Shipped'),
(284, 141, 'Euro+ Shopping Channel', 10383, 'Shipped'),
(285, 321, 'Corporate Gift Ideas Co.', 10384, 'Shipped'),
(286, 124, 'Mini Gifts Distributors Ltd.', 10385, 'Shipped'),
(287, 141, 'Euro+ Shopping Channel', 10386, 'Resolved'),
(288, 148, 'Dragon Souveniers, Ltd.', 10387, 'Shipped'),
(289, 462, 'FunGiftIdeas.com', 10388, 'Shipped'),
(290, 448, 'Scandinavian Gift Ideas', 10389, 'Shipped'),
(291, 124, 'Mini Gifts Distributors Ltd.', 10390, 'Shipped'),
(292, 276, 'Anna\'s Decorations, Ltd', 10391, 'Shipped'),
(293, 452, 'Mini Auto Werke', 10392, 'Shipped'),
(294, 323, 'Down Under Souveniers, Inc', 10393, 'Shipped'),
(295, 141, 'Euro+ Shopping Channel', 10394, 'Shipped'),
(296, 250, 'Lyon Souveniers', 10395, 'Shipped'),
(297, 124, 'Mini Gifts Distributors Ltd.', 10396, 'Shipped'),
(298, 242, 'Alpha Cognac', 10397, 'Shipped'),
(299, 353, 'Reims Collectables', 10398, 'Shipped'),
(300, 496, 'Kelly\'s Gift Shop', 10399, 'Shipped'),
(301, 450, 'The Sharp Gifts Warehouse', 10400, 'Shipped'),
(302, 328, 'Tekni Collectables Inc.', 10401, 'On Hold'),
(303, 406, 'Auto Canal+ Petit', 10402, 'Shipped'),
(304, 201, 'UK Collectables, Ltd.', 10403, 'Shipped'),
(305, 323, 'Down Under Souveniers, Inc', 10404, 'Shipped'),
(306, 209, 'Mini Caravy', 10405, 'Shipped'),
(307, 145, 'Danish Wholesale Imports', 10406, 'Disputed'),
(308, 450, 'The Sharp Gifts Warehouse', 10407, 'On Hold'),
(309, 398, 'Tokyo Collectables, Ltd', 10408, 'Shipped'),
(310, 166, 'Handji Gifts& Co', 10409, 'Shipped'),
(311, 357, 'GiftsForHim.com', 10410, 'Shipped'),
(312, 233, 'Québec Home Shopping Network', 10411, 'Shipped'),
(313, 141, 'Euro+ Shopping Channel', 10412, 'Shipped'),
(314, 175, 'Gift Depot Inc.', 10413, 'Shipped'),
(315, 362, 'Gifts4AllAges.com', 10414, 'On Hold'),
(316, 471, 'Australian Collectables, Ltd', 10415, 'Disputed'),
(317, 386, 'L\'ordine Souveniers', 10416, 'Shipped'),
(318, 141, 'Euro+ Shopping Channel', 10417, 'Disputed'),
(319, 412, 'Extreme Desk Decorations, Ltd', 10418, 'Shipped'),
(320, 382, 'Salzburg Collectables', 10419, 'Shipped'),
(321, 282, 'Souveniers And Things Co.', 10420, 'In Process'),
(322, 124, 'Mini Gifts Distributors Ltd.', 10421, 'In Process'),
(323, 157, 'Diecast Classics Inc.', 10422, 'In Process'),
(324, 314, 'Petit Auto', 10423, 'In Process'),
(325, 141, 'Euro+ Shopping Channel', 10424, 'In Process'),
(326, 119, 'La Rochelle Gifts', 10425, 'In Process'),
(1, 363, 'Online Diecast Creations Co.', 10100, 'Shipped'),
(2, 128, 'Blauer See Auto, Co.', 10101, 'Shipped'),
(3, 181, 'Vitachrome Inc.', 10102, 'Shipped'),
(4, 121, 'Baane Mini Imports', 10103, 'Shipped'),
(5, 141, 'Euro+ Shopping Channel', 10104, 'Shipped'),
(6, 145, 'Danish Wholesale Imports', 10105, 'Shipped'),
(7, 278, 'Rovelli Gifts', 10106, 'Shipped'),
(8, 131, 'Land of Toys Inc.', 10107, 'Shipped'),
(9, 385, 'Cruz & Sons Co.', 10108, 'Shipped'),
(10, 486, 'Motor Mint Distributors Inc.', 10109, 'Shipped'),
(11, 187, 'AV Stores, Co.', 10110, 'Shipped'),
(12, 129, 'Mini Wheels Co.', 10111, 'Shipped'),
(13, 144, 'Volvo Model Replicas, Co', 10112, 'Shipped'),
(14, 124, 'Mini Gifts Distributors Ltd.', 10113, 'Shipped'),
(15, 172, 'La Corne D\'abondance, Co.', 10114, 'Shipped'),
(16, 424, 'Classic Legends Inc.', 10115, 'Shipped'),
(17, 381, 'Royale Belge', 10116, 'Shipped'),
(18, 148, 'Dragon Souveniers, Ltd.', 10117, 'Shipped'),
(19, 216, 'Enaco Distributors', 10118, 'Shipped'),
(20, 382, 'Salzburg Collectables', 10119, 'Shipped'),
(21, 114, 'Australian Collectors, Co.', 10120, 'Shipped'),
(22, 353, 'Reims Collectables', 10121, 'Shipped'),
(23, 350, 'Marseille Mini Autos', 10122, 'Shipped'),
(24, 103, 'Atelier graphique', 10123, 'Shipped'),
(25, 112, 'Signal Gift Stores', 10124, 'Shipped'),
(26, 114, 'Australian Collectors, Co.', 10125, 'Shipped'),
(27, 458, 'Corrida Auto Replicas, Ltd', 10126, 'Shipped'),
(28, 151, 'Muscle Machine Inc', 10127, 'Shipped'),
(29, 141, 'Euro+ Shopping Channel', 10128, 'Shipped'),
(30, 324, 'Stylish Desk Decors, Co.', 10129, 'Shipped'),
(31, 198, 'Auto-Moto Classics Inc.', 10130, 'Shipped'),
(32, 447, 'Gift Ideas Corp.', 10131, 'Shipped'),
(33, 323, 'Down Under Souveniers, Inc', 10132, 'Shipped'),
(34, 141, 'Euro+ Shopping Channel', 10133, 'Shipped'),
(35, 250, 'Lyon Souveniers', 10134, 'Shipped'),
(36, 124, 'Mini Gifts Distributors Ltd.', 10135, 'Shipped'),
(37, 242, 'Alpha Cognac', 10136, 'Shipped'),
(38, 353, 'Reims Collectables', 10137, 'Shipped'),
(39, 496, 'Kelly\'s Gift Shop', 10138, 'Shipped'),
(40, 282, 'Souveniers And Things Co.', 10139, 'Shipped'),
(41, 161, 'Technics Stores Inc.', 10140, 'Shipped'),
(42, 334, 'Suominen Souveniers', 10141, 'Shipped'),
(43, 124, 'Mini Gifts Distributors Ltd.', 10142, 'Shipped'),
(44, 320, 'Mini Creations Ltd.', 10143, 'Shipped'),
(45, 381, 'Royale Belge', 10144, 'Shipped'),
(46, 205, 'Toys4GrownUps.com', 10145, 'Shipped'),
(47, 447, 'Gift Ideas Corp.', 10146, 'Shipped'),
(48, 379, 'Collectables For Less Inc.', 10147, 'Shipped'),
(49, 276, 'Anna\'s Decorations, Ltd', 10148, 'Shipped'),
(50, 487, 'Signal Collectibles Ltd.', 10149, 'Shipped'),
(51, 148, 'Dragon Souveniers, Ltd.', 10150, 'Shipped'),
(52, 311, 'Oulu Toy Supplies, Inc.', 10151, 'Shipped'),
(53, 333, 'Australian Gift Network, Co', 10152, 'Shipped'),
(54, 141, 'Euro+ Shopping Channel', 10153, 'Shipped'),
(55, 219, 'Boards & Toys Co.', 10154, 'Shipped'),
(56, 186, 'Toys of Finland, Co.', 10155, 'Shipped'),
(57, 141, 'Euro+ Shopping Channel', 10156, 'Shipped'),
(58, 473, 'Frau da Collezione', 10157, 'Shipped'),
(59, 121, 'Baane Mini Imports', 10158, 'Shipped'),
(60, 321, 'Corporate Gift Ideas Co.', 10159, 'Shipped'),
(61, 347, 'Men \'R\' US Retailers, Ltd.', 10160, 'Shipped'),
(62, 227, 'Heintze Collectables', 10161, 'Shipped'),
(63, 321, 'Corporate Gift Ideas Co.', 10162, 'Shipped'),
(64, 424, 'Classic Legends Inc.', 10163, 'Shipped'),
(65, 452, 'Mini Auto Werke', 10164, 'Resolved'),
(66, 148, 'Dragon Souveniers, Ltd.', 10165, 'Shipped'),
(67, 462, 'FunGiftIdeas.com', 10166, 'Shipped'),
(68, 448, 'Scandinavian Gift Ideas', 10167, 'Cancelled'),
(69, 161, 'Technics Stores Inc.', 10168, 'Shipped'),
(70, 276, 'Anna\'s Decorations, Ltd', 10169, 'Shipped'),
(71, 452, 'Mini Auto Werke', 10170, 'Shipped'),
(72, 233, 'Québec Home Shopping Network', 10171, 'Shipped'),
(73, 175, 'Gift Depot Inc.', 10172, 'Shipped'),
(74, 278, 'Rovelli Gifts', 10173, 'Shipped'),
(75, 333, 'Australian Gift Network, Co', 10174, 'Shipped'),
(76, 324, 'Stylish Desk Decors, Co.', 10175, 'Shipped'),
(77, 386, 'L\'ordine Souveniers', 10176, 'Shipped'),
(78, 344, 'CAF Imports', 10177, 'Shipped'),
(79, 242, 'Alpha Cognac', 10178, 'Shipped'),
(80, 496, 'Kelly\'s Gift Shop', 10179, 'Cancelled'),
(81, 171, 'Daedalus Designs Imports', 10180, 'Shipped'),
(82, 167, 'Herkku Gifts', 10181, 'Shipped'),
(83, 124, 'Mini Gifts Distributors Ltd.', 10182, 'Shipped'),
(84, 339, 'Classic Gift Ideas, Inc', 10183, 'Shipped'),
(85, 484, 'Iberia Gift Imports, Corp.', 10184, 'Shipped'),
(86, 320, 'Mini Creations Ltd.', 10185, 'Shipped'),
(87, 489, 'Double Decker Gift Stores, Ltd', 10186, 'Shipped'),
(88, 211, 'King Kong Collectables, Co.', 10187, 'Shipped'),
(89, 167, 'Herkku Gifts', 10188, 'Shipped'),
(90, 205, 'Toys4GrownUps.com', 10189, 'Shipped'),
(91, 141, 'Euro+ Shopping Channel', 10190, 'Shipped'),
(92, 259, 'Toms Spezialitäten, Ltd', 10191, 'Shipped'),
(93, 363, 'Online Diecast Creations Co.', 10192, 'Shipped'),
(94, 471, 'Australian Collectables, Ltd', 10193, 'Shipped'),
(95, 146, 'Saveley & Henriot, Co.', 10194, 'Shipped'),
(96, 319, 'Mini Classics', 10195, 'Shipped'),
(97, 455, 'Super Scale Inc.', 10196, 'Shipped'),
(98, 216, 'Enaco Distributors', 10197, 'Shipped'),
(99, 385, 'Cruz & Sons Co.', 10198, 'Shipped'),
(100, 475, 'West Coast Collectables Co.', 10199, 'Shipped'),
(101, 211, 'King Kong Collectables, Co.', 10200, 'Shipped'),
(102, 129, 'Mini Wheels Co.', 10201, 'Shipped'),
(103, 357, 'GiftsForHim.com', 10202, 'Shipped'),
(104, 141, 'Euro+ Shopping Channel', 10203, 'Shipped'),
(105, 151, 'Muscle Machine Inc', 10204, 'Shipped'),
(106, 141, 'Euro+ Shopping Channel', 10205, 'Shipped'),
(107, 202, 'Canadian Gift Exchange Network', 10206, 'Shipped'),
(108, 495, 'Diecast Collectables', 10207, 'Shipped'),
(109, 146, 'Saveley & Henriot, Co.', 10208, 'Shipped'),
(110, 347, 'Men \'R\' US Retailers, Ltd.', 10209, 'Shipped'),
(111, 177, 'Osaka Souveniers Co.', 10210, 'Shipped'),
(112, 406, 'Auto Canal+ Petit', 10211, 'Shipped'),
(113, 141, 'Euro+ Shopping Channel', 10212, 'Shipped'),
(114, 489, 'Double Decker Gift Stores, Ltd', 10213, 'Shipped'),
(115, 458, 'Corrida Auto Replicas, Ltd', 10214, 'Shipped'),
(116, 475, 'West Coast Collectables Co.', 10215, 'Shipped'),
(117, 256, 'Auto Associés & Cie.', 10216, 'Shipped'),
(118, 166, 'Handji Gifts& Co', 10217, 'Shipped'),
(119, 473, 'Frau da Collezione', 10218, 'Shipped'),
(120, 487, 'Signal Collectibles Ltd.', 10219, 'Shipped'),
(121, 189, 'Clover Collections, Co.', 10220, 'Shipped'),
(122, 314, 'Petit Auto', 10221, 'Shipped'),
(123, 239, 'Collectable Mini Designs Co.', 10222, 'Shipped'),
(124, 114, 'Australian Collectors, Co.', 10223, 'Shipped'),
(125, 171, 'Daedalus Designs Imports', 10224, 'Shipped'),
(126, 298, 'Vida Sport, Ltd', 10225, 'Shipped'),
(127, 239, 'Collectable Mini Designs Co.', 10226, 'Shipped'),
(128, 146, 'Saveley & Henriot, Co.', 10227, 'Shipped'),
(129, 173, 'Cambridge Collectables Co.', 10228, 'Shipped'),
(130, 124, 'Mini Gifts Distributors Ltd.', 10229, 'Shipped'),
(131, 128, 'Blauer See Auto, Co.', 10230, 'Shipped'),
(132, 344, 'CAF Imports', 10231, 'Shipped'),
(133, 240, 'giftsbymail.co.uk', 10232, 'Shipped'),
(134, 328, 'Tekni Collectables Inc.', 10233, 'Shipped'),
(135, 412, 'Extreme Desk Decorations, Ltd', 10234, 'Shipped'),
(136, 260, 'Royal Canadian Collectables, Ltd.', 10235, 'Shipped'),
(137, 486, 'Motor Mint Distributors Inc.', 10236, 'Shipped'),
(138, 181, 'Vitachrome Inc.', 10237, 'Shipped'),
(139, 145, 'Danish Wholesale Imports', 10238, 'Shipped'),
(140, 311, 'Oulu Toy Supplies, Inc.', 10239, 'Shipped'),
(141, 177, 'Osaka Souveniers Co.', 10240, 'Shipped'),
(142, 209, 'Mini Caravy', 10241, 'Shipped'),
(143, 456, 'Microscale Inc.', 10242, 'Shipped'),
(144, 495, 'Diecast Collectables', 10243, 'Shipped'),
(145, 141, 'Euro+ Shopping Channel', 10244, 'Shipped'),
(146, 455, 'Super Scale Inc.', 10245, 'Shipped'),
(147, 141, 'Euro+ Shopping Channel', 10246, 'Shipped'),
(148, 334, 'Suominen Souveniers', 10247, 'Shipped'),
(149, 131, 'Land of Toys Inc.', 10248, 'Cancelled'),
(150, 173, 'Cambridge Collectables Co.', 10249, 'Shipped'),
(151, 450, 'The Sharp Gifts Warehouse', 10250, 'Shipped'),
(152, 328, 'Tekni Collectables Inc.', 10251, 'Shipped'),
(153, 406, 'Auto Canal+ Petit', 10252, 'Shipped'),
(154, 201, 'UK Collectables, Ltd.', 10253, 'Cancelled'),
(155, 323, 'Down Under Souveniers, Inc', 10254, 'Shipped'),
(156, 209, 'Mini Caravy', 10255, 'Shipped'),
(157, 145, 'Danish Wholesale Imports', 10256, 'Shipped'),
(158, 450, 'The Sharp Gifts Warehouse', 10257, 'Shipped'),
(159, 398, 'Tokyo Collectables, Ltd', 10258, 'Shipped'),
(160, 166, 'Handji Gifts& Co', 10259, 'Shipped'),
(161, 357, 'GiftsForHim.com', 10260, 'Cancelled'),
(162, 233, 'Québec Home Shopping Network', 10261, 'Shipped'),
(163, 141, 'Euro+ Shopping Channel', 10262, 'Cancelled'),
(164, 175, 'Gift Depot Inc.', 10263, 'Shipped'),
(165, 362, 'Gifts4AllAges.com', 10264, 'Shipped'),
(166, 471, 'Australian Collectables, Ltd', 10265, 'Shipped'),
(167, 386, 'L\'ordine Souveniers', 10266, 'Shipped'),
(168, 151, 'Muscle Machine Inc', 10267, 'Shipped'),
(169, 412, 'Extreme Desk Decorations, Ltd', 10268, 'Shipped'),
(170, 382, 'Salzburg Collectables', 10269, 'Shipped'),
(171, 282, 'Souveniers And Things Co.', 10270, 'Shipped'),
(172, 124, 'Mini Gifts Distributors Ltd.', 10271, 'Shipped'),
(173, 157, 'Diecast Classics Inc.', 10272, 'Shipped'),
(174, 314, 'Petit Auto', 10273, 'Shipped'),
(175, 379, 'Collectables For Less Inc.', 10274, 'Shipped'),
(176, 119, 'La Rochelle Gifts', 10275, 'Shipped'),
(177, 204, 'Online Mini Collectables', 10276, 'Shipped'),
(178, 148, 'Dragon Souveniers, Ltd.', 10277, 'Shipped'),
(179, 112, 'Signal Gift Stores', 10278, 'Shipped'),
(180, 141, 'Euro+ Shopping Channel', 10279, 'Shipped'),
(181, 249, 'Amica Models & Co.', 10280, 'Shipped'),
(182, 157, 'Diecast Classics Inc.', 10281, 'Shipped'),
(183, 124, 'Mini Gifts Distributors Ltd.', 10282, 'Shipped'),
(184, 260, 'Royal Canadian Collectables, Ltd.', 10283, 'Shipped'),
(185, 299, 'Norway Gifts By Mail, Co.', 10284, 'Shipped'),
(186, 286, 'Marta\'s Replicas Co.', 10285, 'Shipped'),
(187, 172, 'La Corne D\'abondance, Co.', 10286, 'Shipped'),
(188, 298, 'Vida Sport, Ltd', 10287, 'Shipped'),
(189, 166, 'Handji Gifts& Co', 10288, 'Shipped'),
(190, 167, 'Herkku Gifts', 10289, 'Shipped'),
(191, 198, 'Auto-Moto Classics Inc.', 10290, 'Shipped'),
(192, 448, 'Scandinavian Gift Ideas', 10291, 'Shipped'),
(193, 131, 'Land of Toys Inc.', 10292, 'Shipped'),
(194, 249, 'Amica Models & Co.', 10293, 'Shipped'),
(195, 204, 'Online Mini Collectables', 10294, 'Shipped'),
(196, 362, 'Gifts4AllAges.com', 10295, 'Shipped'),
(197, 415, 'Bavarian Collectables Imports, Co.', 10296, 'Shipped'),
(198, 189, 'Clover Collections, Co.', 10297, 'Shipped'),
(199, 103, 'Atelier graphique', 10298, 'Shipped'),
(200, 186, 'Toys of Finland, Co.', 10299, 'Shipped'),
(201, 128, 'Blauer See Auto, Co.', 10300, 'Shipped'),
(202, 299, 'Norway Gifts By Mail, Co.', 10301, 'Shipped'),
(203, 201, 'UK Collectables, Ltd.', 10302, 'Shipped'),
(204, 484, 'Iberia Gift Imports, Corp.', 10303, 'Shipped'),
(205, 256, 'Auto Associés & Cie.', 10304, 'Shipped'),
(206, 286, 'Marta\'s Replicas Co.', 10305, 'Shipped'),
(207, 187, 'AV Stores, Co.', 10306, 'Shipped'),
(208, 339, 'Classic Gift Ideas, Inc', 10307, 'Shipped'),
(209, 319, 'Mini Classics', 10308, 'Shipped'),
(210, 121, 'Baane Mini Imports', 10309, 'Shipped'),
(211, 259, 'Toms Spezialitäten, Ltd', 10310, 'Shipped'),
(212, 141, 'Euro+ Shopping Channel', 10311, 'Shipped'),
(213, 124, 'Mini Gifts Distributors Ltd.', 10312, 'Shipped'),
(214, 202, 'Canadian Gift Exchange Network', 10313, 'Shipped'),
(215, 227, 'Heintze Collectables', 10314, 'Shipped'),
(216, 119, 'La Rochelle Gifts', 10315, 'Shipped'),
(217, 240, 'giftsbymail.co.uk', 10316, 'Shipped'),
(218, 161, 'Technics Stores Inc.', 10317, 'Shipped'),
(219, 157, 'Diecast Classics Inc.', 10318, 'Shipped'),
(220, 456, 'Microscale Inc.', 10319, 'Shipped'),
(221, 144, 'Volvo Model Replicas, Co', 10320, 'Shipped'),
(222, 462, 'FunGiftIdeas.com', 10321, 'Shipped'),
(223, 363, 'Online Diecast Creations Co.', 10322, 'Shipped'),
(224, 128, 'Blauer See Auto, Co.', 10323, 'Shipped'),
(225, 181, 'Vitachrome Inc.', 10324, 'Shipped'),
(226, 121, 'Baane Mini Imports', 10325, 'Shipped'),
(227, 144, 'Volvo Model Replicas, Co', 10326, 'Shipped'),
(228, 145, 'Danish Wholesale Imports', 10327, 'Resolved'),
(229, 278, 'Rovelli Gifts', 10328, 'Shipped'),
(230, 131, 'Land of Toys Inc.', 10329, 'Shipped'),
(231, 385, 'Cruz & Sons Co.', 10330, 'Shipped'),
(232, 486, 'Motor Mint Distributors Inc.', 10331, 'Shipped'),
(233, 187, 'AV Stores, Co.', 10332, 'Shipped'),
(234, 129, 'Mini Wheels Co.', 10333, 'Shipped'),
(235, 144, 'Volvo Model Replicas, Co', 10334, 'On Hold'),
(236, 124, 'Mini Gifts Distributors Ltd.', 10335, 'Shipped'),
(237, 172, 'La Corne D\'abondance, Co.', 10336, 'Shipped'),
(238, 424, 'Classic Legends Inc.', 10337, 'Shipped'),
(239, 381, 'Royale Belge', 10338, 'Shipped'),
(240, 398, 'Tokyo Collectables, Ltd', 10339, 'Shipped'),
(241, 216, 'Enaco Distributors', 10340, 'Shipped'),
(242, 382, 'Salzburg Collectables', 10341, 'Shipped'),
(243, 114, 'Australian Collectors, Co.', 10342, 'Shipped'),
(244, 353, 'Reims Collectables', 10343, 'Shipped'),
(245, 350, 'Marseille Mini Autos', 10344, 'Shipped'),
(246, 103, 'Atelier graphique', 10345, 'Shipped'),
(247, 112, 'Signal Gift Stores', 10346, 'Shipped'),
(248, 114, 'Australian Collectors, Co.', 10347, 'Shipped'),
(249, 458, 'Corrida Auto Replicas, Ltd', 10348, 'Shipped'),
(250, 151, 'Muscle Machine Inc', 10349, 'Shipped'),
(251, 141, 'Euro+ Shopping Channel', 10350, 'Shipped'),
(252, 324, 'Stylish Desk Decors, Co.', 10351, 'Shipped'),
(253, 198, 'Auto-Moto Classics Inc.', 10352, 'Shipped'),
(254, 447, 'Gift Ideas Corp.', 10353, 'Shipped'),
(255, 323, 'Down Under Souveniers, Inc', 10354, 'Shipped'),
(256, 141, 'Euro+ Shopping Channel', 10355, 'Shipped'),
(257, 250, 'Lyon Souveniers', 10356, 'Shipped'),
(258, 124, 'Mini Gifts Distributors Ltd.', 10357, 'Shipped'),
(259, 141, 'Euro+ Shopping Channel', 10358, 'Shipped'),
(260, 353, 'Reims Collectables', 10359, 'Shipped'),
(261, 496, 'Kelly\'s Gift Shop', 10360, 'Shipped'),
(262, 282, 'Souveniers And Things Co.', 10361, 'Shipped'),
(263, 161, 'Technics Stores Inc.', 10362, 'Shipped'),
(264, 334, 'Suominen Souveniers', 10363, 'Shipped'),
(265, 350, 'Marseille Mini Autos', 10364, 'Shipped'),
(266, 320, 'Mini Creations Ltd.', 10365, 'Shipped'),
(267, 381, 'Royale Belge', 10366, 'Shipped'),
(268, 205, 'Toys4GrownUps.com', 10367, 'Resolved'),
(269, 124, 'Mini Gifts Distributors Ltd.', 10368, 'Shipped'),
(270, 379, 'Collectables For Less Inc.', 10369, 'Shipped'),
(271, 276, 'Anna\'s Decorations, Ltd', 10370, 'Shipped'),
(272, 124, 'Mini Gifts Distributors Ltd.', 10371, 'Shipped'),
(273, 398, 'Tokyo Collectables, Ltd', 10372, 'Shipped'),
(274, 311, 'Oulu Toy Supplies, Inc.', 10373, 'Shipped'),
(275, 333, 'Australian Gift Network, Co', 10374, 'Shipped'),
(276, 119, 'La Rochelle Gifts', 10375, 'Shipped'),
(277, 219, 'Boards & Toys Co.', 10376, 'Shipped'),
(278, 186, 'Toys of Finland, Co.', 10377, 'Shipped'),
(279, 141, 'Euro+ Shopping Channel', 10378, 'Shipped'),
(280, 141, 'Euro+ Shopping Channel', 10379, 'Shipped'),
(281, 141, 'Euro+ Shopping Channel', 10380, 'Shipped'),
(282, 321, 'Corporate Gift Ideas Co.', 10381, 'Shipped'),
(283, 124, 'Mini Gifts Distributors Ltd.', 10382, 'Shipped'),
(284, 141, 'Euro+ Shopping Channel', 10383, 'Shipped'),
(285, 321, 'Corporate Gift Ideas Co.', 10384, 'Shipped'),
(286, 124, 'Mini Gifts Distributors Ltd.', 10385, 'Shipped'),
(287, 141, 'Euro+ Shopping Channel', 10386, 'Resolved'),
(288, 148, 'Dragon Souveniers, Ltd.', 10387, 'Shipped'),
(289, 462, 'FunGiftIdeas.com', 10388, 'Shipped'),
(290, 448, 'Scandinavian Gift Ideas', 10389, 'Shipped'),
(291, 124, 'Mini Gifts Distributors Ltd.', 10390, 'Shipped'),
(292, 276, 'Anna\'s Decorations, Ltd', 10391, 'Shipped'),
(293, 452, 'Mini Auto Werke', 10392, 'Shipped'),
(294, 323, 'Down Under Souveniers, Inc', 10393, 'Shipped'),
(295, 141, 'Euro+ Shopping Channel', 10394, 'Shipped'),
(296, 250, 'Lyon Souveniers', 10395, 'Shipped'),
(297, 124, 'Mini Gifts Distributors Ltd.', 10396, 'Shipped'),
(298, 242, 'Alpha Cognac', 10397, 'Shipped'),
(299, 353, 'Reims Collectables', 10398, 'Shipped'),
(300, 496, 'Kelly\'s Gift Shop', 10399, 'Shipped'),
(301, 450, 'The Sharp Gifts Warehouse', 10400, 'Shipped'),
(302, 328, 'Tekni Collectables Inc.', 10401, 'On Hold'),
(303, 406, 'Auto Canal+ Petit', 10402, 'Shipped'),
(304, 201, 'UK Collectables, Ltd.', 10403, 'Shipped'),
(305, 323, 'Down Under Souveniers, Inc', 10404, 'Shipped'),
(306, 209, 'Mini Caravy', 10405, 'Shipped'),
(307, 145, 'Danish Wholesale Imports', 10406, 'Disputed'),
(308, 450, 'The Sharp Gifts Warehouse', 10407, 'On Hold'),
(309, 398, 'Tokyo Collectables, Ltd', 10408, 'Shipped'),
(310, 166, 'Handji Gifts& Co', 10409, 'Shipped'),
(311, 357, 'GiftsForHim.com', 10410, 'Shipped'),
(312, 233, 'Québec Home Shopping Network', 10411, 'Shipped'),
(313, 141, 'Euro+ Shopping Channel', 10412, 'Shipped'),
(314, 175, 'Gift Depot Inc.', 10413, 'Shipped'),
(315, 362, 'Gifts4AllAges.com', 10414, 'On Hold'),
(316, 471, 'Australian Collectables, Ltd', 10415, 'Disputed'),
(317, 386, 'L\'ordine Souveniers', 10416, 'Shipped'),
(318, 141, 'Euro+ Shopping Channel', 10417, 'Disputed'),
(319, 412, 'Extreme Desk Decorations, Ltd', 10418, 'Shipped'),
(320, 382, 'Salzburg Collectables', 10419, 'Shipped'),
(321, 282, 'Souveniers And Things Co.', 10420, 'In Process'),
(322, 124, 'Mini Gifts Distributors Ltd.', 10421, 'In Process'),
(323, 157, 'Diecast Classics Inc.', 10422, 'In Process'),
(324, 314, 'Petit Auto', 10423, 'In Process'),
(325, 141, 'Euro+ Shopping Channel', 10424, 'In Process'),
(326, 119, 'La Rochelle Gifts', 10425, 'In Process');

-- --------------------------------------------------------

--
-- Table structure for table `dim_payments`
--

CREATE TABLE `dim_payments` (
  `sk_payments` int(11) DEFAULT NULL,
  `customerNumber` int(11) DEFAULT NULL,
  `customerName` varchar(50) DEFAULT NULL,
  `amount` double DEFAULT NULL,
  `paymentDate` datetime DEFAULT NULL
) ENGINE=InnoDB DEFAULT CHARSET=utf8mb4;

--
-- Dumping data for table `dim_payments`
--

INSERT INTO `dim_payments` (`sk_payments`, `customerNumber`, `customerName`, `amount`, `paymentDate`) VALUES
(1, 103, 'Atelier graphique', 6066.78, '2004-10-19 00:00:00'),
(2, 103, 'Atelier graphique', 14571.44, '2003-06-05 00:00:00'),
(3, 103, 'Atelier graphique', 1676.14, '2004-12-18 00:00:00'),
(4, 112, 'Signal Gift Stores', 14191.12, '2004-12-17 00:00:00'),
(5, 112, 'Signal Gift Stores', 32641.98, '2003-06-06 00:00:00'),
(6, 112, 'Signal Gift Stores', 33347.88, '2004-08-20 00:00:00'),
(7, 114, 'Australian Collectors, Co.', 45864.03, '2003-05-20 00:00:00'),
(8, 114, 'Australian Collectors, Co.', 82261.22, '2004-12-15 00:00:00'),
(9, 114, 'Australian Collectors, Co.', 7565.08, '2003-05-31 00:00:00'),
(10, 114, 'Australian Collectors, Co.', 44894.74, '2004-03-10 00:00:00'),
(11, 119, 'La Rochelle Gifts', 19501.82, '2004-11-14 00:00:00'),
(12, 119, 'La Rochelle Gifts', 47924.19, '2004-08-08 00:00:00'),
(13, 119, 'La Rochelle Gifts', 49523.67, '2005-02-22 00:00:00'),
(14, 121, 'Baane Mini Imports', 50218.95, '2003-02-16 00:00:00'),
(15, 121, 'Baane Mini Imports', 1491.38, '2003-10-28 00:00:00'),
(16, 121, 'Baane Mini Imports', 17876.32, '2004-11-04 00:00:00'),
(17, 121, 'Baane Mini Imports', 34638.14, '2004-11-28 00:00:00'),
(18, 124, 'Mini Gifts Distributors Ltd.', 101244.59, '2005-03-05 00:00:00'),
(19, 124, 'Mini Gifts Distributors Ltd.', 85410.87, '2004-08-28 00:00:00'),
(20, 124, 'Mini Gifts Distributors Ltd.', 11044.3, '2003-04-11 00:00:00'),
(21, 124, 'Mini Gifts Distributors Ltd.', 83598.04, '2005-04-16 00:00:00'),
(22, 124, 'Mini Gifts Distributors Ltd.', 47142.7, '2004-12-27 00:00:00'),
(23, 124, 'Mini Gifts Distributors Ltd.', 55639.66, '2004-11-02 00:00:00'),
(24, 124, 'Mini Gifts Distributors Ltd.', 111654.4, '2003-08-15 00:00:00'),
(25, 124, 'Mini Gifts Distributors Ltd.', 43369.3, '2004-03-26 00:00:00'),
(26, 124, 'Mini Gifts Distributors Ltd.', 45084.38, '2003-11-25 00:00:00'),
(27, 128, 'Blauer See Auto, Co.', 10549.01, '2003-01-28 00:00:00'),
(28, 128, 'Blauer See Auto, Co.', 24101.81, '2003-10-18 00:00:00'),
(29, 128, 'Blauer See Auto, Co.', 33820.62, '2004-03-24 00:00:00'),
(30, 128, 'Blauer See Auto, Co.', 7466.32, '2004-11-18 00:00:00'),
(31, 129, 'Mini Wheels Co.', 26248.78, '2004-12-08 00:00:00'),
(32, 129, 'Mini Wheels Co.', 23923.93, '2003-12-11 00:00:00'),
(33, 129, 'Mini Wheels Co.', 16537.85, '2003-04-09 00:00:00'),
(34, 131, 'Land of Toys Inc.', 22292.62, '2003-03-12 00:00:00'),
(35, 131, 'Land of Toys Inc.', 50025.35, '2004-12-02 00:00:00'),
(36, 131, 'Land of Toys Inc.', 35321.97, '2004-09-11 00:00:00'),
(37, 141, 'Euro+ Shopping Channel', 36251.03, '2003-07-19 00:00:00'),
(38, 141, 'Euro+ Shopping Channel', 36140.38, '2004-11-01 00:00:00'),
(39, 141, 'Euro+ Shopping Channel', 46895.48, '2005-05-19 00:00:00'),
(40, 141, 'Euro+ Shopping Channel', 59830.55, '2004-01-30 00:00:00'),
(41, 141, 'Euro+ Shopping Channel', 116208.4, '2004-12-31 00:00:00'),
(42, 141, 'Euro+ Shopping Channel', 65071.26, '2005-03-25 00:00:00'),
(43, 141, 'Euro+ Shopping Channel', 120166.58, '2005-03-18 00:00:00'),
(44, 141, 'Euro+ Shopping Channel', 49539.37, '2003-10-26 00:00:00'),
(45, 141, 'Euro+ Shopping Channel', 40206.2, '2003-02-25 00:00:00'),
(46, 141, 'Euro+ Shopping Channel', 63843.55, '2003-12-09 00:00:00'),
(47, 141, 'Euro+ Shopping Channel', 35420.74, '2004-07-09 00:00:00'),
(48, 141, 'Euro+ Shopping Channel', 20009.53, '2004-08-16 00:00:00'),
(49, 141, 'Euro+ Shopping Channel', 26155.91, '2004-05-17 00:00:00'),
(50, 144, 'Volvo Model Replicas, Co', 36005.71, '2004-12-12 00:00:00'),
(51, 144, 'Volvo Model Replicas, Co', 7674.94, '2003-04-09 00:00:00'),
(52, 145, 'Danish Wholesale Imports', 4710.73, '2004-07-03 00:00:00'),
(53, 145, 'Danish Wholesale Imports', 28211.7, '2004-04-26 00:00:00'),
(54, 145, 'Danish Wholesale Imports', 20564.86, '2004-12-01 00:00:00'),
(55, 145, 'Danish Wholesale Imports', 53959.21, '2003-02-20 00:00:00'),
(56, 146, 'Saveley & Henriot, Co.', 40978.53, '2004-03-18 00:00:00'),
(57, 146, 'Saveley & Henriot, Co.', 49614.72, '2004-01-16 00:00:00'),
(58, 146, 'Saveley & Henriot, Co.', 39712.1, '2003-12-10 00:00:00'),
(59, 148, 'Dragon Souveniers, Ltd.', 44380.15, '2003-04-22 00:00:00'),
(60, 148, 'Dragon Souveniers, Ltd.', 2611.84, '2004-08-11 00:00:00'),
(61, 148, 'Dragon Souveniers, Ltd.', 105743, '2003-12-26 00:00:00'),
(62, 148, 'Dragon Souveniers, Ltd.', 3516.04, '2005-03-27 00:00:00'),
(63, 151, 'Muscle Machine Inc', 58793.53, '2003-12-22 00:00:00'),
(64, 151, 'Muscle Machine Inc', 20314.44, '2004-07-26 00:00:00'),
(65, 151, 'Muscle Machine Inc', 58841.35, '2003-06-18 00:00:00'),
(66, 151, 'Muscle Machine Inc', 39964.63, '2004-12-14 00:00:00'),
(67, 157, 'Diecast Classics Inc.', 35152.12, '2004-11-19 00:00:00'),
(68, 157, 'Diecast Classics Inc.', 63357.13, '2004-09-07 00:00:00'),
(69, 161, 'Technics Stores Inc.', 2434.25, '2004-11-14 00:00:00'),
(70, 161, 'Technics Stores Inc.', 50743.65, '2003-11-18 00:00:00'),
(71, 161, 'Technics Stores Inc.', 12692.19, '2005-02-02 00:00:00'),
(72, 161, 'Technics Stores Inc.', 38675.13, '2003-08-05 00:00:00'),
(73, 166, 'Handji Gifts& Co', 38785.48, '2004-09-16 00:00:00'),
(74, 166, 'Handji Gifts& Co', 44160.92, '2004-07-07 00:00:00'),
(75, 166, 'Handji Gifts& Co', 22474.17, '2004-02-28 00:00:00'),
(76, 167, 'Herkku Gifts', 12538.01, '2004-09-19 00:00:00'),
(77, 167, 'Herkku Gifts', 85024.46, '2003-12-03 00:00:00'),
(78, 171, 'Daedalus Designs Imports', 18997.89, '2004-03-15 00:00:00'),
(79, 171, 'Daedalus Designs Imports', 42783.81, '2003-11-22 00:00:00'),
(80, 172, 'La Corne D\'abondance, Co.', 1960.8, '2004-09-09 00:00:00'),
(81, 172, 'La Corne D\'abondance, Co.', 51209.58, '2004-12-04 00:00:00'),
(82, 172, 'La Corne D\'abondance, Co.', 33383.14, '2003-04-20 00:00:00'),
(83, 173, 'Cambridge Collectables Co.', 11843.45, '2004-05-13 00:00:00'),
(84, 173, 'Cambridge Collectables Co.', 20355.24, '2004-03-29 00:00:00'),
(85, 175, 'Gift Depot Inc.', 28500.78, '2005-05-19 00:00:00'),
(86, 175, 'Gift Depot Inc.', 24879.08, '2003-11-19 00:00:00'),
(87, 175, 'Gift Depot Inc.', 42044.77, '2004-07-10 00:00:00'),
(88, 177, 'Osaka Souveniers Co.', 15183.63, '2004-04-17 00:00:00'),
(89, 177, 'Osaka Souveniers Co.', 47177.59, '2004-01-19 00:00:00'),
(90, 181, 'Vitachrome Inc.', 22602.36, '2004-04-25 00:00:00'),
(91, 181, 'Vitachrome Inc.', 5494.78, '2003-01-30 00:00:00'),
(92, 181, 'Vitachrome Inc.', 44400.5, '2004-11-16 00:00:00'),
(93, 186, 'Toys of Finland, Co.', 23602.9, '2005-03-10 00:00:00'),
(94, 186, 'Toys of Finland, Co.', 37602.48, '2003-10-27 00:00:00'),
(95, 186, 'Toys of Finland, Co.', 34341.08, '2004-10-21 00:00:00'),
(96, 187, 'AV Stores, Co.', 52825.29, '2004-11-03 00:00:00'),
(97, 187, 'AV Stores, Co.', 47159.11, '2004-12-08 00:00:00'),
(98, 187, 'AV Stores, Co.', 48425.69, '2003-03-27 00:00:00'),
(99, 189, 'Clover Collections, Co.', 17359.53, '2004-10-03 00:00:00'),
(100, 189, 'Clover Collections, Co.', 32538.74, '2004-03-01 00:00:00'),
(101, 198, 'Auto-Moto Classics Inc.', 9658.74, '2004-12-06 00:00:00'),
(102, 198, 'Auto-Moto Classics Inc.', 6036.96, '2003-07-06 00:00:00'),
(103, 198, 'Auto-Moto Classics Inc.', 5858.56, '2004-09-21 00:00:00'),
(104, 201, 'UK Collectables, Ltd.', 23908.24, '2003-10-20 00:00:00'),
(105, 201, 'UK Collectables, Ltd.', 37258.94, '2004-06-15 00:00:00'),
(106, 202, 'Canadian Gift Exchange Network', 36527.61, '2003-12-18 00:00:00'),
(107, 202, 'Canadian Gift Exchange Network', 33594.58, '2004-11-08 00:00:00'),
(108, 204, 'Online Mini Collectables', 51152.86, '2004-08-13 00:00:00'),
(109, 204, 'Online Mini Collectables', 4424.4, '2004-09-24 00:00:00'),
(110, 205, 'Toys4GrownUps.com', 3879.96, '2003-12-04 00:00:00'),
(111, 205, 'Toys4GrownUps.com', 50342.74, '2003-09-05 00:00:00'),
(112, 205, 'Toys4GrownUps.com', 39580.6, '2005-02-06 00:00:00'),
(113, 209, 'Mini Caravy', 35157.75, '2005-05-03 00:00:00'),
(114, 209, 'Mini Caravy', 4632.31, '2004-06-21 00:00:00'),
(115, 209, 'Mini Caravy', 36069.26, '2004-05-04 00:00:00'),
(116, 211, 'King Kong Collectables, Co.', 45480.79, '2003-12-09 00:00:00'),
(117, 216, 'Enaco Distributors', 3101.4, '2003-05-09 00:00:00'),
(118, 216, 'Enaco Distributors', 24945.21, '2004-12-06 00:00:00'),
(119, 216, 'Enaco Distributors', 40473.86, '2003-12-14 00:00:00'),
(120, 219, 'Boards & Toys Co.', 3452.75, '2005-03-02 00:00:00'),
(121, 219, 'Boards & Toys Co.', 4465.85, '2003-10-18 00:00:00'),
(122, 227, 'Heintze Collectables', 36164.46, '2003-10-31 00:00:00'),
(123, 227, 'Heintze Collectables', 53745.34, '2004-11-02 00:00:00'),
(124, 233, 'Québec Home Shopping Network', 29070.38, '2005-05-20 00:00:00'),
(125, 233, 'Québec Home Shopping Network', 22997.45, '2004-07-01 00:00:00'),
(126, 233, 'Québec Home Shopping Network', 16909.84, '2003-11-18 00:00:00'),
(127, 239, 'Collectable Mini Designs Co.', 80375.24, '2004-03-15 00:00:00'),
(128, 240, 'giftsbymail.co.uk', 46788.14, '2004-11-16 00:00:00'),
(129, 240, 'giftsbymail.co.uk', 24995.61, '2004-03-28 00:00:00'),
(130, 242, 'Alpha Cognac', 33818.34, '2003-11-22 00:00:00'),
(131, 242, 'Alpha Cognac', 12432.32, '2005-06-03 00:00:00'),
(132, 242, 'Alpha Cognac', 14232.7, '2003-07-21 00:00:00'),
(133, 249, 'Amica Models & Co.', 33924.24, '2004-09-19 00:00:00'),
(134, 249, 'Amica Models & Co.', 48298.99, '2004-09-04 00:00:00'),
(135, 250, 'Lyon Souveniers', 17928.09, '2005-05-17 00:00:00'),
(136, 250, 'Lyon Souveniers', 26311.63, '2004-12-30 00:00:00'),
(137, 250, 'Lyon Souveniers', 23419.47, '2003-07-18 00:00:00'),
(138, 256, 'Auto Associés & Cie.', 5759.42, '2004-02-10 00:00:00'),
(139, 256, 'Auto Associés & Cie.', 53116.99, '2004-10-22 00:00:00'),
(140, 259, 'Toms Spezialitäten, Ltd', 61234.67, '2004-11-06 00:00:00'),
(141, 259, 'Toms Spezialitäten, Ltd', 27988.47, '2003-12-07 00:00:00'),
(142, 260, 'Royal Canadian Collectables, Ltd.', 37527.58, '2004-08-30 00:00:00'),
(143, 260, 'Royal Canadian Collectables, Ltd.', 29284.42, '2004-04-24 00:00:00'),
(144, 276, 'Anna\'s Decorations, Ltd', 27083.78, '2005-02-09 00:00:00'),
(145, 276, 'Anna\'s Decorations, Ltd', 38547.19, '2003-11-13 00:00:00'),
(146, 276, 'Anna\'s Decorations, Ltd', 41554.73, '2003-09-28 00:00:00'),
(147, 276, 'Anna\'s Decorations, Ltd', 29848.52, '2005-04-30 00:00:00'),
(148, 278, 'Rovelli Gifts', 37654.09, '2004-12-05 00:00:00'),
(149, 278, 'Rovelli Gifts', 52151.81, '2003-03-02 00:00:00'),
(150, 278, 'Rovelli Gifts', 37723.79, '2003-11-24 00:00:00'),
(151, 282, 'Souveniers And Things Co.', 24013.52, '2003-08-03 00:00:00'),
(152, 282, 'Souveniers And Things Co.', 35806.73, '2004-08-02 00:00:00'),
(153, 282, 'Souveniers And Things Co.', 31835.36, '2005-01-03 00:00:00'),
(154, 286, 'Marta\'s Replicas Co.', 47411.33, '2004-10-28 00:00:00'),
(155, 286, 'Marta\'s Replicas Co.', 43134.04, '2004-09-05 00:00:00'),
(156, 298, 'Vida Sport, Ltd', 47375.92, '2004-03-13 00:00:00'),
(157, 298, 'Vida Sport, Ltd', 61402, '2004-09-18 00:00:00'),
(158, 299, 'Norway Gifts By Mail, Co.', 36798.88, '2003-10-24 00:00:00'),
(159, 299, 'Norway Gifts By Mail, Co.', 32260.16, '2004-09-05 00:00:00'),
(160, 311, 'Oulu Toy Supplies, Inc.', 46770.52, '2005-02-15 00:00:00'),
(161, 311, 'Oulu Toy Supplies, Inc.', 32723.04, '2003-10-06 00:00:00'),
(162, 311, 'Oulu Toy Supplies, Inc.', 16212.59, '2004-04-25 00:00:00'),
(163, 314, 'Petit Auto', 45352.47, '2004-08-09 00:00:00'),
(164, 314, 'Petit Auto', 16901.38, '2004-03-03 00:00:00'),
(165, 319, 'Mini Classics', 42339.76, '2004-11-06 00:00:00'),
(166, 319, 'Mini Classics', 36092.4, '2003-12-07 00:00:00'),
(167, 320, 'Mini Creations Ltd.', 8307.28, '2005-01-18 00:00:00'),
(168, 320, 'Mini Creations Ltd.', 41016.75, '2003-08-20 00:00:00'),
(169, 320, 'Mini Creations Ltd.', 52548.49, '2003-11-24 00:00:00'),
(170, 321, 'Corporate Gift Ideas Co.', 85559.12, '2003-11-03 00:00:00'),
(171, 321, 'Corporate Gift Ideas Co.', 46781.66, '2005-03-15 00:00:00'),
(172, 323, 'Down Under Souveniers, Inc', 75020.13, '2005-05-23 00:00:00'),
(173, 323, 'Down Under Souveniers, Inc', 37281.36, '2004-06-24 00:00:00'),
(174, 323, 'Down Under Souveniers, Inc', 2880, '2003-07-05 00:00:00'),
(175, 323, 'Down Under Souveniers, Inc', 39440.59, '2004-12-24 00:00:00'),
(176, 324, 'Stylish Desk Decors, Co.', 13671.82, '2004-12-13 00:00:00'),
(177, 324, 'Stylish Desk Decors, Co.', 29429.14, '2003-07-07 00:00:00'),
(178, 324, 'Stylish Desk Decors, Co.', 37455.77, '2003-11-23 00:00:00'),
(179, 328, 'Tekni Collectables Inc.', 7178.66, '2004-04-16 00:00:00'),
(180, 328, 'Tekni Collectables Inc.', 31102.85, '2004-05-30 00:00:00'),
(181, 333, 'Australian Gift Network, Co', 23936.53, '2003-11-15 00:00:00'),
(182, 333, 'Australian Gift Network, Co', 9821.32, '2003-10-17 00:00:00'),
(183, 333, 'Australian Gift Network, Co', 21432.31, '2005-03-01 00:00:00'),
(184, 334, 'Suominen Souveniers', 45785.34, '2005-01-27 00:00:00'),
(185, 334, 'Suominen Souveniers', 29716.86, '2003-08-16 00:00:00'),
(186, 334, 'Suominen Souveniers', 28394.54, '2004-05-22 00:00:00'),
(187, 339, 'Classic Gift Ideas, Inc', 23333.06, '2004-10-24 00:00:00'),
(188, 339, 'Classic Gift Ideas, Inc', 34606.28, '2003-11-28 00:00:00'),
(189, 344, 'CAF Imports', 31428.21, '2003-11-24 00:00:00'),
(190, 344, 'CAF Imports', 15322.93, '2004-04-02 00:00:00'),
(191, 347, 'Men \'R\' US Retailers, Ltd.', 21053.69, '2004-01-18 00:00:00'),
(192, 347, 'Men \'R\' US Retailers, Ltd.', 20452.5, '2003-10-24 00:00:00'),
(193, 350, 'Marseille Mini Autos', 18888.31, '2004-12-11 00:00:00'),
(194, 350, 'Marseille Mini Autos', 50824.66, '2003-05-25 00:00:00'),
(195, 350, 'Marseille Mini Autos', 1834.56, '2005-01-29 00:00:00'),
(196, 353, 'Reims Collectables', 49705.52, '2005-01-10 00:00:00'),
(197, 353, 'Reims Collectables', 13920.26, '2003-07-21 00:00:00'),
(198, 353, 'Reims Collectables', 16700.47, '2003-05-21 00:00:00'),
(199, 353, 'Reims Collectables', 46656.94, '2005-06-09 00:00:00'),
(200, 357, 'GiftsForHim.com', 20220.04, '2003-12-16 00:00:00'),
(201, 357, 'GiftsForHim.com', 36442.34, '2004-05-15 00:00:00'),
(202, 362, 'Gifts4AllAges.com', 18473.71, '2004-07-11 00:00:00'),
(203, 362, 'Gifts4AllAges.com', 15059.76, '2004-09-21 00:00:00'),
(204, 363, 'Online Diecast Creations Co.', 50799.69, '2004-11-17 00:00:00'),
(205, 363, 'Online Diecast Creations Co.', 10223.83, '2003-01-16 00:00:00'),
(206, 363, 'Online Diecast Creations Co.', 55425.77, '2003-12-05 00:00:00'),
(207, 379, 'Collectables For Less Inc.', 28322.83, '2005-02-12 00:00:00'),
(208, 379, 'Collectables For Less Inc.', 32680.31, '2003-09-16 00:00:00'),
(209, 379, 'Collectables For Less Inc.', 12530.51, '2004-08-02 00:00:00'),
(210, 381, 'Royale Belge', 12081.52, '2004-12-03 00:00:00'),
(211, 381, 'Royale Belge', 1627.56, '2003-04-19 00:00:00'),
(212, 381, 'Royale Belge', 14379.9, '2005-02-03 00:00:00'),
(213, 381, 'Royale Belge', 1128.2, '2003-08-22 00:00:00'),
(214, 382, 'Salzburg Collectables', 35826.33, '2003-05-12 00:00:00'),
(215, 382, 'Salzburg Collectables', 6419.84, '2004-08-01 00:00:00'),
(216, 382, 'Salzburg Collectables', 42813.83, '2004-11-27 00:00:00'),
(217, 385, 'Cruz & Sons Co.', 20644.24, '2003-12-02 00:00:00'),
(218, 385, 'Cruz & Sons Co.', 15822.84, '2004-11-19 00:00:00'),
(219, 385, 'Cruz & Sons Co.', 51001.22, '2003-03-09 00:00:00'),
(220, 386, 'L\'ordine Souveniers', 38524.29, '2003-11-18 00:00:00'),
(221, 386, 'L\'ordine Souveniers', 51619.02, '2004-07-18 00:00:00'),
(222, 398, 'Tokyo Collectables, Ltd', 33967.73, '2005-02-14 00:00:00'),
(223, 398, 'Tokyo Collectables, Ltd', 22037.91, '2004-06-21 00:00:00'),
(224, 398, 'Tokyo Collectables, Ltd', 615.45, '2005-05-18 00:00:00'),
(225, 398, 'Tokyo Collectables, Ltd', 48927.64, '2004-11-29 00:00:00'),
(226, 406, 'Auto Canal+ Petit', 12190.85, '2005-04-23 00:00:00'),
(227, 406, 'Auto Canal+ Petit', 49165.16, '2004-01-28 00:00:00'),
(228, 406, 'Auto Canal+ Petit', 25080.96, '2004-06-17 00:00:00'),
(229, 412, 'Extreme Desk Decorations, Ltd', 35034.57, '2004-07-25 00:00:00'),
(230, 412, 'Extreme Desk Decorations, Ltd', 31670.37, '2004-04-14 00:00:00'),
(231, 415, 'Bavarian Collectables Imports, Co.', 31310.09, '2004-09-28 00:00:00'),
(232, 424, 'Classic Legends Inc.', 25505.98, '2004-12-07 00:00:00'),
(233, 424, 'Classic Legends Inc.', 21665.98, '2003-04-16 00:00:00'),
(234, 424, 'Classic Legends Inc.', 22042.37, '2003-10-31 00:00:00'),
(235, 447, 'Gift Ideas Corp.', 6631.36, '2003-09-15 00:00:00'),
(236, 447, 'Gift Ideas Corp.', 17032.29, '2003-06-25 00:00:00'),
(237, 447, 'Gift Ideas Corp.', 26304.13, '2004-12-17 00:00:00'),
(238, 448, 'Scandinavian Gift Ideas', 27966.54, '2005-04-18 00:00:00'),
(239, 448, 'Scandinavian Gift Ideas', 48809.9, '2004-09-30 00:00:00'),
(240, 450, 'The Sharp Gifts Warehouse', 59551.38, '2004-06-21 00:00:00'),
(241, 452, 'Mini Auto Werke', 27121.9, '2003-11-15 00:00:00'),
(242, 452, 'Mini Auto Werke', 15130.97, '2003-11-20 00:00:00'),
(243, 452, 'Mini Auto Werke', 8807.12, '2005-05-03 00:00:00'),
(244, 455, 'Super Scale Inc.', 38139.18, '2003-12-05 00:00:00'),
(245, 455, 'Super Scale Inc.', 32239.47, '2004-05-12 00:00:00'),
(246, 456, 'Microscale Inc.', 27550.51, '2004-11-13 00:00:00'),
(247, 456, 'Microscale Inc.', 1679.92, '2004-04-30 00:00:00'),
(248, 458, 'Corrida Auto Replicas, Ltd', 33145.56, '2004-11-15 00:00:00'),
(249, 458, 'Corrida Auto Replicas, Ltd', 22162.61, '2004-02-06 00:00:00'),
(250, 458, 'Corrida Auto Replicas, Ltd', 57131.92, '2003-06-13 00:00:00'),
(251, 462, 'FunGiftIdeas.com', 30293.77, '2005-04-15 00:00:00'),
(252, 462, 'FunGiftIdeas.com', 9977.85, '2003-11-08 00:00:00'),
(253, 462, 'FunGiftIdeas.com', 48355.87, '2004-11-27 00:00:00'),
(254, 471, 'Australian Collectables, Ltd', 9415.13, '2004-07-28 00:00:00'),
(255, 471, 'Australian Collectables, Ltd', 35505.63, '2003-12-10 00:00:00'),
(256, 473, 'Frau da Collezione', 7612.06, '2004-02-17 00:00:00'),
(257, 473, 'Frau da Collezione', 17746.26, '2003-10-27 00:00:00'),
(258, 475, 'West Coast Collectables Co.', 7678.25, '2003-12-09 00:00:00'),
(259, 475, 'West Coast Collectables Co.', 36070.47, '2004-02-13 00:00:00'),
(260, 484, 'Iberia Gift Imports, Corp.', 3474.66, '2004-10-26 00:00:00'),
(261, 484, 'Iberia Gift Imports, Corp.', 47513.19, '2003-11-29 00:00:00'),
(262, 486, 'Motor Mint Distributors Inc.', 5899.38, '2004-04-14 00:00:00'),
(263, 486, 'Motor Mint Distributors Inc.', 45994.07, '2004-11-23 00:00:00'),
(264, 486, 'Motor Mint Distributors Inc.', 25833.14, '2003-03-20 00:00:00'),
(265, 487, 'Signal Collectibles Ltd.', 29997.09, '2003-09-28 00:00:00'),
(266, 487, 'Signal Collectibles Ltd.', 12573.28, '2004-02-29 00:00:00'),
(267, 489, 'Double Decker Gift Stores, Ltd', 22275.73, '2003-12-04 00:00:00'),
(268, 489, 'Double Decker Gift Stores, Ltd', 7310.42, '2004-01-31 00:00:00'),
(269, 495, 'Diecast Collectables', 59265.14, '2003-12-26 00:00:00'),
(270, 495, 'Diecast Collectables', 6276.6, '2004-05-14 00:00:00'),
(271, 496, 'Kelly\'s Gift Shop', 30253.75, '2005-05-25 00:00:00'),
(272, 496, 'Kelly\'s Gift Shop', 32077.44, '2003-07-16 00:00:00'),
(273, 496, 'Kelly\'s Gift Shop', 52166, '2004-12-31 00:00:00');

-- --------------------------------------------------------

--
-- Table structure for table `dim_products`
--

CREATE TABLE `dim_products` (
  `sk_product` int(11) DEFAULT NULL,
  `productCode` varchar(15) DEFAULT NULL,
  `productName` varchar(70) DEFAULT NULL,
  `productLine` varchar(50) DEFAULT NULL,
  `productVendor` varchar(50) DEFAULT NULL,
  `quantityOrdered` int(11) DEFAULT NULL,
  `quantityInStock` int(11) DEFAULT NULL,
  `orderNumber` int(11) DEFAULT NULL
) ENGINE=InnoDB DEFAULT CHARSET=utf8mb4;

--
-- Dumping data for table `dim_products`
--

INSERT INTO `dim_products` (`sk_product`, `productCode`, `productName`, `productLine`, `productVendor`, `quantityOrdered`, `quantityInStock`, `orderNumber`) VALUES
(1, 'S10_1678', '1969 Harley Davidson Ultimate Chopper', 'Motorcycles', 'Min Lin Diecast', 66, 7933, 10417),
(2, 'S10_1949', '1952 Alpine Renault 1300', 'Classic Cars', 'Classic Metal Creations', 50, 7305, 10424),
(3, 'S10_2016', '1996 Moto Guzzi 1100i', 'Motorcycles', 'Highway 66 Mini Classics', 45, 6625, 10417),
(4, 'S10_4698', '2003 Harley-Davidson Eagle Drag Bike', 'Motorcycles', 'Red Start Diecast', 56, 5582, 10417),
(5, 'S10_4757', '1972 Alfa Romeo GTA', 'Classic Cars', 'Motor City Art Classics', 49, 3252, 10414),
(6, 'S10_4962', '1962 LanciaA Delta 16V', 'Classic Cars', 'Second Gear Diecast', 38, 6791, 10425),
(7, 'S12_1099', '1968 Ford Mustang', 'Classic Cars', 'Autoart Studio Design', 12, 68, 10419),
(8, 'S12_1108', '2001 Ferrari Enzo', 'Classic Cars', 'Second Gear Diecast', 36, 3619, 10413),
(9, 'S12_1666', '1958 Setra Bus', 'Trucks and Buses', 'Welly Diecast Productions', 49, 1579, 10424),
(10, 'S12_2823', '2002 Suzuki XREO', 'Motorcycles', 'Unimax Art Galleries', 21, 9997, 10417),
(11, 'S12_3148', '1969 Corvair Monza', 'Classic Cars', 'Welly Diecast Productions', 47, 6906, 10413),
(12, 'S12_3380', '1968 Dodge Charger', 'Classic Cars', 'Welly Diecast Productions', 10, 9123, 10419),
(13, 'S12_3891', '1969 Ford Falcon', 'Classic Cars', 'Second Gear Diecast', 22, 1049, 10413),
(14, 'S12_3990', '1970 Plymouth Hemi Cuda', 'Classic Cars', 'Studio M Art Models', 34, 5663, 10419),
(15, 'S12_4473', '1957 Chevy Pickup', 'Trucks and Buses', 'Exoto Designs', 33, 6125, 10425),
(16, 'S12_4675', '1969 Dodge Charger', 'Classic Cars', 'Welly Diecast Productions', 32, 7323, 10419),
(17, 'S18_1097', '1940 Ford Pickup Truck', 'Trucks and Buses', 'Studio M Art Models', 54, 2613, 10424),
(18, 'S18_1129', '1993 Mazda RX-7', 'Classic Cars', 'Highway 66 Mini Classics', 38, 3975, 10419),
(19, 'S18_1342', '1937 Lincoln Berline', 'Vintage Cars', 'Motor City Art Classics', 51, 8693, 10422),
(20, 'S18_1367', '1936 Mercedes-Benz 500K Special Roadster', 'Vintage Cars', 'Studio M Art Models', 25, 8635, 10422),
(21, 'S18_1589', '1965 Aston Martin DB5', 'Classic Cars', 'Classic Metal Creations', 37, 9042, 10419),
(22, 'S18_1662', '1980s Black Hawk Helicopter', 'Planes', 'Red Start Diecast', 24, 5330, 10416),
(23, 'S18_1749', '1917 Grand Touring Sedan', 'Vintage Cars', 'Welly Diecast Productions', 37, 2724, 10420),
(24, 'S18_1889', '1948 Porsche 356-A Roadster', 'Classic Cars', 'Gearbox Collectibles', 39, 8826, 10419),
(25, 'S18_1984', '1995 Honda Civic', 'Classic Cars', 'Min Lin Diecast', 34, 9772, 10419),
(26, 'S18_2238', '1998 Chrysler Plymouth Prowler', 'Classic Cars', 'Gearbox Collectibles', 28, 4724, 10425),
(27, 'S18_2248', '1911 Ford Town Car', 'Vintage Cars', 'Motor City Art Classics', 36, 540, 10420),
(28, 'S18_2319', '1964 Mercedes Tour Bus', 'Trucks and Buses', 'Unimax Art Galleries', 38, 8258, 10425),
(29, 'S18_2325', '1932 Model A Ford J-Coupe', 'Vintage Cars', 'Autoart Studio Design', 45, 9354, 10420),
(30, 'S18_2432', '1926 Ford Fire Engine', 'Trucks and Buses', 'Carousel DieCast Legends', 19, 2018, 10425),
(31, 'S18_2581', 'P-51-D Mustang', 'Planes', 'Gearbox Collectibles', 15, 992, 10416),
(32, 'S18_2625', '1936 Harley Davidson El Knucklehead', 'Motorcycles', 'Welly Diecast Productions', 36, 4357, 10417),
(33, 'S18_2795', '1928 Mercedes-Benz SSK', 'Vintage Cars', 'Gearbox Collectibles', 35, 548, 10421),
(34, 'S18_2870', '1999 Indy 500 Monte Carlo SS', 'Classic Cars', 'Red Start Diecast', 55, 8164, 10419),
(35, 'S18_2949', '1913 Ford Model T Speedster', 'Vintage Cars', 'Carousel DieCast Legends', 10, 4189, 10423),
(36, 'S18_2957', '1934 Ford V8 Coupe', 'Vintage Cars', 'Min Lin Diecast', 31, 5649, 10423),
(37, 'S18_3029', '1999 Yamaha Speed Boat', 'Ships', 'Min Lin Diecast', 44, 4259, 10414),
(38, 'S18_3136', '18th Century Vintage Horse Carriage', 'Vintage Cars', 'Red Start Diecast', 21, 5992, 10423),
(39, 'S18_3140', '1903 Ford Model A', 'Vintage Cars', 'Unimax Art Galleries', 41, 3913, 10414),
(40, 'S18_3232', '1992 Ferrari 360 Spider red', 'Classic Cars', 'Unimax Art Galleries', 28, 8347, 10425),
(41, 'S18_3233', '1985 Toyota Supra', 'Classic Cars', 'Highway 66 Mini Classics', NULL, 7733, NULL),
(42, 'S18_3259', 'Collectable Wooden Train', 'Trains', 'Carousel DieCast Legends', 48, 6450, 10414),
(43, 'S18_3278', '1969 Dodge Super Bee', 'Classic Cars', 'Min Lin Diecast', 16, 1917, 10418),
(44, 'S18_3320', '1917 Maxwell Touring Car', 'Vintage Cars', 'Exoto Designs', 21, 7913, 10423),
(45, 'S18_3482', '1976 Ford Gran Torino', 'Classic Cars', 'Gearbox Collectibles', 27, 9127, 10418),
(46, 'S18_3685', '1948 Porsche Type 356 Roadster', 'Classic Cars', 'Gearbox Collectibles', 43, 8990, 10419),
(47, 'S18_3782', '1957 Vespa GS150', 'Motorcycles', 'Studio M Art Models', 33, 7689, 10418),
(48, 'S18_3856', '1941 Chevrolet Special Deluxe Cabriolet', 'Vintage Cars', 'Exoto Designs', 51, 2378, 10415),
(49, 'S18_4027', '1970 Triumph Spitfire', 'Classic Cars', 'Min Lin Diecast', 49, 5545, 10413),
(50, 'S18_4409', '1932 Alfa Romeo 8C2300 Spider Sport', 'Vintage Cars', 'Exoto Designs', 66, 6553, 10420),
(51, 'S18_4522', '1904 Buick Runabout', 'Vintage Cars', 'Exoto Designs', 56, 8290, 10414),
(52, 'S18_4600', '1940s Ford truck', 'Trucks and Buses', 'Motor City Art Classics', 38, 3128, 10425),
(53, 'S18_4668', '1939 Cadillac Limousine', 'Vintage Cars', 'Studio M Art Models', 26, 6645, 10424),
(54, 'S18_4721', '1957 Corvette Convertible', 'Classic Cars', 'Classic Metal Creations', 28, 1249, 10418),
(55, 'S18_4933', '1957 Ford Thunderbird', 'Classic Cars', 'Studio M Art Models', 36, 3209, 10420),
(56, 'S24_1046', '1970 Chevy Chevelle SS 454', 'Classic Cars', 'Unimax Art Galleries', 60, 1005, 10420),
(57, 'S24_1444', '1970 Dodge Coronet', 'Classic Cars', 'Highway 66 Mini Classics', 55, 4074, 10425),
(58, 'S24_1578', '1997 BMW R 1100 S', 'Motorcycles', 'Autoart Studio Design', 35, 7003, 10417),
(59, 'S24_1628', '1966 Shelby Cobra 427 S/C', 'Classic Cars', 'Carousel DieCast Legends', 37, 8197, 10420),
(60, 'S24_1785', '1928 British Royal Navy Airplane', 'Planes', 'Classic Metal Creations', 47, 3627, 10416),
(61, 'S24_1937', '1939 Chevrolet Deluxe Coupe', 'Vintage Cars', 'Motor City Art Classics', 45, 7332, 10420),
(62, 'S24_2000', '1960 BSA Gold Star DBD34', 'Motorcycles', 'Highway 66 Mini Classics', 32, 15, 10416),
(63, 'S24_2011', '18th century schooner', 'Ships', 'Carousel DieCast Legends', 43, 1898, 10414),
(64, 'S24_2022', '1938 Cadillac V-16 Presidential Limousine', 'Vintage Cars', 'Classic Metal Creations', 40, 2847, 10421),
(65, 'S24_2300', '1962 Volkswagen Microbus', 'Trucks and Buses', 'Autoart Studio Design', 49, 2327, 10425),
(66, 'S24_2360', '1982 Ducati 900 Monster', 'Motorcycles', 'Highway 66 Mini Classics', 52, 6840, 10418),
(67, 'S24_2766', '1949 Jaguar XK 120', 'Classic Cars', 'Classic Metal Creations', 39, 2350, 10420),
(68, 'S24_2840', '1958 Chevy Corvette Limited Edition', 'Classic Cars', 'Carousel DieCast Legends', 31, 2542, 10425),
(69, 'S24_2841', '1900s Vintage Bi-Plane', 'Planes', 'Autoart Studio Design', 21, 5942, 10415),
(70, 'S24_2887', '1952 Citroen-15CV', 'Classic Cars', 'Exoto Designs', 55, 1452, 10420),
(71, 'S24_2972', '1982 Lamborghini Diablo', 'Classic Cars', 'Second Gear Diecast', 15, 7723, 10419),
(72, 'S24_3151', '1912 Ford Model T Delivery Wagon', 'Vintage Cars', 'Min Lin Diecast', 60, 9173, 10414),
(73, 'S24_3191', '1969 Chevrolet Camaro Z28', 'Classic Cars', 'Exoto Designs', 35, 4695, 10420),
(74, 'S24_3371', '1971 Alpine Renault 1600s', 'Classic Cars', 'Welly Diecast Productions', 55, 7995, 10419),
(75, 'S24_3420', '1937 Horch 930V Limousine', 'Vintage Cars', 'Autoart Studio Design', 18, 2902, 10415),
(76, 'S24_3432', '2002 Chevy Corvette', 'Classic Cars', 'Gearbox Collectibles', 26, 9446, 10420),
(77, 'S24_3816', '1940 Ford Delivery Sedan', 'Vintage Cars', 'Carousel DieCast Legends', 51, 6621, 10414),
(78, 'S24_3856', '1956 Porsche 356A Coupe', 'Classic Cars', 'Classic Metal Creations', 70, 6600, 10419),
(79, 'S24_3949', 'Corsair F4U ( Bird Cage)', 'Planes', 'Second Gear Diecast', 18, 6812, 10416),
(80, 'S24_3969', '1936 Mercedes Benz 500k Roadster', 'Vintage Cars', 'Red Start Diecast', 15, 2081, 10420),
(81, 'S24_4048', '1992 Porsche Cayenne Turbo Silver', 'Classic Cars', 'Exoto Designs', 31, 6582, 10412),
(82, 'S24_4258', '1936 Chrysler Airflow', 'Vintage Cars', 'Second Gear Diecast', 28, 4710, 10423),
(83, 'S24_4278', '1900s Vintage Tri-Plane', 'Planes', 'Unimax Art Galleries', 48, 2756, 10416),
(84, 'S24_4620', '1961 Chevrolet Impala', 'Classic Cars', 'Classic Metal Creations', 10, 7869, 10418),
(85, 'S32_1268', '1980’s GM Manhattan Express', 'Trucks and Buses', 'Motor City Art Classics', 41, 5099, 10425),
(86, 'S32_1374', '1997 BMW F650 ST', 'Motorcycles', 'Exoto Designs', 45, 178, 10416),
(87, 'S32_2206', '1982 Ducati 996 R', 'Motorcycles', 'Gearbox Collectibles', 43, 9241, 10418),
(88, 'S32_2509', '1954 Greyhound Scenicruiser', 'Trucks and Buses', 'Classic Metal Creations', 11, 2874, 10425),
(89, 'S32_3207', '1950\'s Chicago Surface Lines Streetcar', 'Trains', 'Gearbox Collectibles', 24, 8601, 10413),
(90, 'S32_3522', '1996 Peterbilt 379 Stake Bed with Outrigger', 'Trucks and Buses', 'Red Start Diecast', 44, 814, 10424),
(91, 'S32_4289', '1928 Ford Phaeton Deluxe', 'Vintage Cars', 'Highway 66 Mini Classics', 26, 136, 10416),
(92, 'S32_4485', '1974 Ducati 350 Mk3 Desmo', 'Motorcycles', 'Second Gear Diecast', 50, 3341, 10418),
(93, 'S50_1341', '1930 Buick Marquette Phaeton', 'Vintage Cars', 'Studio M Art Models', 37, 7062, 10416),
(94, 'S50_1392', 'Diamond T620 Semi-Skirted Tanker', 'Trucks and Buses', 'Highway 66 Mini Classics', 18, 1016, 10425),
(95, 'S50_1514', '1962 City of Detroit Streetcar', 'Trains', 'Classic Metal Creations', 51, 1645, 10413),
(96, 'S50_4713', '2002 Yamaha YZR M1', 'Motorcycles', 'Autoart Studio Design', 40, 600, 10418),
(97, 'S700_1138', 'The Schooner Bluenose', 'Ships', 'Autoart Studio Design', 37, 1897, 10414),
(98, 'S700_1691', 'American Airlines: B767-300', 'Planes', 'Min Lin Diecast', 23, 5841, 10416),
(99, 'S700_1938', 'The Mayflower', 'Ships', 'Studio M Art Models', 34, 737, 10414),
(100, 'S700_2047', 'HMS Bounty', 'Ships', 'Unimax Art Galleries', 32, 3501, 10415),
(101, 'S700_2466', 'America West Airlines B757-200', 'Planes', 'Motor City Art Classics', 22, 9653, 10416),
(102, 'S700_2610', 'The USS Constitution Ship', 'Ships', 'Red Start Diecast', 31, 7083, 10414),
(103, 'S700_2824', '1982 Camaro Z28', 'Classic Cars', 'Carousel DieCast Legends', 46, 6934, 10424),
(104, 'S700_2834', 'ATA: B757-300', 'Planes', 'Highway 66 Mini Classics', 41, 7106, 10416),
(105, 'S700_3167', 'F/A 18 Hornet 1/72', 'Planes', 'Motor City Art Classics', 39, 551, 10416),
(106, 'S700_3505', 'The Titanic', 'Ships', 'Carousel DieCast Legends', 28, 1956, 10414),
(107, 'S700_3962', 'The Queen Mary', 'Ships', 'Welly Diecast Productions', 40, 5088, 10414),
(108, 'S700_4002', 'American Airlines: MD-11S', 'Planes', 'Second Gear Diecast', 43, 8820, 10416),
(109, 'S72_1253', 'Boeing X-32A JSF', 'Planes', 'Motor City Art Classics', 42, 4857, 10415),
(110, 'S72_3212', 'Pont Yacht', 'Ships', 'Unimax Art Galleries', 47, 414, 10414);

-- --------------------------------------------------------

--
-- Table structure for table `fact_penjualan`
--

CREATE TABLE `fact_penjualan` (
  `customerNumber` int(11) DEFAULT NULL,
  `customerName` varchar(50) DEFAULT NULL,
  `sk_payments` int(11) DEFAULT NULL,
  `orderNumber` int(11) DEFAULT NULL,
  `orderDate` datetime DEFAULT NULL,
  `paymentDate` datetime DEFAULT NULL,
  `amount` double DEFAULT NULL,
  `status` varchar(15) DEFAULT NULL
) ENGINE=InnoDB DEFAULT CHARSET=utf8mb4;

--
-- Dumping data for table `fact_penjualan`
--

INSERT INTO `fact_penjualan` (`customerNumber`, `customerName`, `sk_payments`, `orderNumber`, `orderDate`, `paymentDate`, `amount`, `status`) VALUES
(103, 'Atelier graphique', 3, 10345, '2004-11-25 00:00:00', '2004-12-18 00:00:00', 1676.14, 'Shipped'),
(112, 'Signal Gift Stores', 6, 10346, '2004-11-29 00:00:00', '2004-08-20 00:00:00', 33347.88, 'Shipped'),
(114, 'Australian Collectors, Co.', 10, 10347, '2004-11-29 00:00:00', '2004-03-10 00:00:00', 44894.74, 'Shipped'),
(119, 'La Rochelle Gifts', 13, 10425, '2005-05-31 00:00:00', '2005-02-22 00:00:00', 49523.67, 'In Process'),
(121, 'Baane Mini Imports', 17, 10325, '2004-11-05 00:00:00', '2004-11-28 00:00:00', 34638.14, 'Shipped'),
(124, 'Mini Gifts Distributors Ltd.', 26, 10421, '2005-05-29 00:00:00', '2003-11-25 00:00:00', 45084.38, 'In Process'),
(125, 'Havel & Zbyszek Co', NULL, NULL, NULL, NULL, NULL, NULL),
(128, 'Blauer See Auto, Co.', 30, 10323, '2004-11-05 00:00:00', '2004-11-18 00:00:00', 7466.32, 'Shipped'),
(129, 'Mini Wheels Co.', 33, 10333, '2004-11-18 00:00:00', '2003-04-09 00:00:00', 16537.85, 'Shipped'),
(131, 'Land of Toys Inc.', 36, 10329, '2004-11-15 00:00:00', '2004-09-11 00:00:00', 35321.97, 'Shipped'),
(141, 'Euro+ Shopping Channel', 49, 10424, '2005-05-31 00:00:00', '2004-05-17 00:00:00', 26155.91, 'In Process'),
(144, 'Volvo Model Replicas, Co', 51, 10334, '2004-11-19 00:00:00', '2003-04-09 00:00:00', 7674.94, 'On Hold'),
(145, 'Danish Wholesale Imports', 55, 10406, '2005-04-15 00:00:00', '2003-02-20 00:00:00', 53959.21, 'Disputed'),
(146, 'Saveley & Henriot, Co.', 58, 10227, '2004-03-02 00:00:00', '2003-12-10 00:00:00', 39712.1, 'Shipped'),
(148, 'Dragon Souveniers, Ltd.', 62, 10387, '2005-03-02 00:00:00', '2005-03-27 00:00:00', 3516.04, 'Shipped'),
(151, 'Muscle Machine Inc', 66, 10349, '2004-12-01 00:00:00', '2004-12-14 00:00:00', 39964.63, 'Shipped'),
(157, 'Diecast Classics Inc.', 68, 10422, '2005-05-30 00:00:00', '2004-09-07 00:00:00', 63357.13, 'In Process'),
(161, 'Technics Stores Inc.', 72, 10362, '2005-01-05 00:00:00', '2003-08-05 00:00:00', 38675.13, 'Shipped'),
(166, 'Handji Gifts& Co', 75, 10409, '2005-04-23 00:00:00', '2004-02-28 00:00:00', 22474.17, 'Shipped'),
(167, 'Herkku Gifts', 77, 10289, '2004-09-03 00:00:00', '2003-12-03 00:00:00', 85024.46, 'Shipped'),
(168, 'American Souvenirs Inc', NULL, NULL, NULL, NULL, NULL, NULL),
(169, 'Porto Imports Co.', NULL, NULL, NULL, NULL, NULL, NULL),
(171, 'Daedalus Designs Imports', 79, 10224, '2004-02-21 00:00:00', '2003-11-22 00:00:00', 42783.81, 'Shipped'),
(172, 'La Corne D\'abondance, Co.', 82, 10336, '2004-11-20 00:00:00', '2003-04-20 00:00:00', 33383.14, 'Shipped'),
(173, 'Cambridge Collectables Co.', 84, 10249, '2004-05-08 00:00:00', '2004-03-29 00:00:00', 20355.24, 'Shipped'),
(175, 'Gift Depot Inc.', 87, 10413, '2005-05-05 00:00:00', '2004-07-10 00:00:00', 42044.77, 'Shipped'),
(177, 'Osaka Souveniers Co.', 89, 10240, '2004-04-13 00:00:00', '2004-01-19 00:00:00', 47177.59, 'Shipped'),
(181, 'Vitachrome Inc.', 92, 10324, '2004-11-05 00:00:00', '2004-11-16 00:00:00', 44400.5, 'Shipped'),
(186, 'Toys of Finland, Co.', 95, 10377, '2005-02-09 00:00:00', '2004-10-21 00:00:00', 34341.08, 'Shipped'),
(187, 'AV Stores, Co.', 98, 10332, '2004-11-17 00:00:00', '2003-03-27 00:00:00', 48425.69, 'Shipped'),
(189, 'Clover Collections, Co.', 100, 10297, '2004-09-16 00:00:00', '2004-03-01 00:00:00', 32538.74, 'Shipped'),
(198, 'Auto-Moto Classics Inc.', 103, 10352, '2004-12-03 00:00:00', '2004-09-21 00:00:00', 5858.56, 'Shipped'),
(201, 'UK Collectables, Ltd.', 105, 10403, '2005-04-08 00:00:00', '2004-06-15 00:00:00', 37258.94, 'Shipped'),
(202, 'Canadian Gift Exchange Network', 107, 10313, '2004-10-22 00:00:00', '2004-11-08 00:00:00', 33594.58, 'Shipped'),
(204, 'Online Mini Collectables', 109, 10294, '2004-09-10 00:00:00', '2004-09-24 00:00:00', 4424.4, 'Shipped'),
(205, 'Toys4GrownUps.com', 112, 10367, '2005-01-12 00:00:00', '2005-02-06 00:00:00', 39580.6, 'Resolved'),
(206, 'Asian Shopping Network, Co', NULL, NULL, NULL, NULL, NULL, NULL),
(209, 'Mini Caravy', 115, 10405, '2005-04-14 00:00:00', '2004-05-04 00:00:00', 36069.26, 'Shipped'),
(211, 'King Kong Collectables, Co.', 116, 10200, '2003-12-01 00:00:00', '2003-12-09 00:00:00', 45480.79, 'Shipped'),
(216, 'Enaco Distributors', 119, 10340, '2004-11-24 00:00:00', '2003-12-14 00:00:00', 40473.86, 'Shipped'),
(219, 'Boards & Toys Co.', 121, 10376, '2005-02-08 00:00:00', '2003-10-18 00:00:00', 4465.85, 'Shipped'),
(223, 'Natürlich Autos', NULL, NULL, NULL, NULL, NULL, NULL),
(227, 'Heintze Collectables', 123, 10314, '2004-10-22 00:00:00', '2004-11-02 00:00:00', 53745.34, 'Shipped'),
(233, 'Québec Home Shopping Network', 126, 10411, '2005-05-01 00:00:00', '2003-11-18 00:00:00', 16909.84, 'Shipped'),
(237, 'ANG Resellers', NULL, NULL, NULL, NULL, NULL, NULL),
(239, 'Collectable Mini Designs Co.', 127, 10226, '2004-02-26 00:00:00', '2004-03-15 00:00:00', 80375.24, 'Shipped'),
(240, 'giftsbymail.co.uk', 129, 10316, '2004-11-01 00:00:00', '2004-03-28 00:00:00', 24995.61, 'Shipped'),
(242, 'Alpha Cognac', 132, 10397, '2005-03-28 00:00:00', '2003-07-21 00:00:00', 14232.7, 'Shipped'),
(247, 'Messner Shopping Network', NULL, NULL, NULL, NULL, NULL, NULL),
(249, 'Amica Models & Co.', 134, 10293, '2004-09-09 00:00:00', '2004-09-04 00:00:00', 48298.99, 'Shipped'),
(250, 'Lyon Souveniers', 137, 10395, '2005-03-17 00:00:00', '2003-07-18 00:00:00', 23419.47, 'Shipped'),
(256, 'Auto Associés & Cie.', 139, 10304, '2004-10-11 00:00:00', '2004-10-22 00:00:00', 53116.99, 'Shipped'),
(259, 'Toms Spezialitäten, Ltd', 141, 10310, '2004-10-16 00:00:00', '2003-12-07 00:00:00', 27988.47, 'Shipped'),
(260, 'Royal Canadian Collectables, Ltd.', 143, 10283, '2004-08-20 00:00:00', '2004-04-24 00:00:00', 29284.42, 'Shipped'),
(273, 'Franken Gifts, Co', NULL, NULL, NULL, NULL, NULL, NULL),
(276, 'Anna\'s Decorations, Ltd', 147, 10391, '2005-03-09 00:00:00', '2005-04-30 00:00:00', 29848.52, 'Shipped'),
(278, 'Rovelli Gifts', 150, 10328, '2004-11-12 00:00:00', '2003-11-24 00:00:00', 37723.79, 'Shipped'),
(282, 'Souveniers And Things Co.', 153, 10420, '2005-05-29 00:00:00', '2005-01-03 00:00:00', 31835.36, 'In Process'),
(286, 'Marta\'s Replicas Co.', 155, 10305, '2004-10-13 00:00:00', '2004-09-05 00:00:00', 43134.04, 'Shipped'),
(293, 'BG&E Collectables', NULL, NULL, NULL, NULL, NULL, NULL),
(298, 'Vida Sport, Ltd', 157, 10287, '2004-08-30 00:00:00', '2004-09-18 00:00:00', 61402, 'Shipped'),
(299, 'Norway Gifts By Mail, Co.', 159, 10301, '2003-10-05 00:00:00', '2004-09-05 00:00:00', 32260.16, 'Shipped'),
(303, 'Schuyler Imports', NULL, NULL, NULL, NULL, NULL, NULL),
(307, 'Der Hund Imports', NULL, NULL, NULL, NULL, NULL, NULL),
(311, 'Oulu Toy Supplies, Inc.', 162, 10373, '2005-01-31 00:00:00', '2004-04-25 00:00:00', 16212.59, 'Shipped'),
(314, 'Petit Auto', 164, 10423, '2005-05-30 00:00:00', '2004-03-03 00:00:00', 16901.38, 'In Process'),
(319, 'Mini Classics', 166, 10308, '2004-10-15 00:00:00', '2003-12-07 00:00:00', 36092.4, 'Shipped'),
(320, 'Mini Creations Ltd.', 169, 10365, '2005-01-07 00:00:00', '2003-11-24 00:00:00', 52548.49, 'Shipped'),
(321, 'Corporate Gift Ideas Co.', 171, 10384, '2005-02-23 00:00:00', '2005-03-15 00:00:00', 46781.66, 'Shipped'),
(323, 'Down Under Souveniers, Inc', 175, 10404, '2005-04-08 00:00:00', '2004-12-24 00:00:00', 39440.59, 'Shipped'),
(324, 'Stylish Desk Decors, Co.', 178, 10351, '2004-12-03 00:00:00', '2003-11-23 00:00:00', 37455.77, 'Shipped'),
(328, 'Tekni Collectables Inc.', 180, 10401, '2005-04-03 00:00:00', '2004-05-30 00:00:00', 31102.85, 'On Hold'),
(333, 'Australian Gift Network, Co', 183, 10374, '2005-02-02 00:00:00', '2005-03-01 00:00:00', 21432.31, 'Shipped'),
(334, 'Suominen Souveniers', 186, 10363, '2005-01-06 00:00:00', '2004-05-22 00:00:00', 28394.54, 'Shipped'),
(335, 'Cramer Spezialitäten, Ltd', NULL, NULL, NULL, NULL, NULL, NULL),
(339, 'Classic Gift Ideas, Inc', 188, 10307, '2004-10-14 00:00:00', '2003-11-28 00:00:00', 34606.28, 'Shipped'),
(344, 'CAF Imports', 190, 10231, '2004-03-19 00:00:00', '2004-04-02 00:00:00', 15322.93, 'Shipped'),
(347, 'Men \'R\' US Retailers, Ltd.', 192, 10209, '2004-01-09 00:00:00', '2003-10-24 00:00:00', 20452.5, 'Shipped'),
(348, 'Asian Treasures, Inc.', NULL, NULL, NULL, NULL, NULL, NULL),
(350, 'Marseille Mini Autos', 195, 10364, '2005-01-06 00:00:00', '2005-01-29 00:00:00', 1834.56, 'Shipped'),
(353, 'Reims Collectables', 199, 10398, '2005-03-30 00:00:00', '2005-06-09 00:00:00', 46656.94, 'Shipped'),
(356, 'SAR Distributors, Co', NULL, NULL, NULL, NULL, NULL, NULL),
(357, 'GiftsForHim.com', 201, 10410, '2005-04-29 00:00:00', '2004-05-15 00:00:00', 36442.34, 'Shipped'),
(361, 'Kommission Auto', NULL, NULL, NULL, NULL, NULL, NULL),
(362, 'Gifts4AllAges.com', 203, 10414, '2005-05-06 00:00:00', '2004-09-21 00:00:00', 15059.76, 'On Hold'),
(363, 'Online Diecast Creations Co.', 206, 10322, '2004-11-04 00:00:00', '2003-12-05 00:00:00', 55425.77, 'Shipped'),
(369, 'Lisboa Souveniers, Inc', NULL, NULL, NULL, NULL, NULL, NULL),
(376, 'Precious Collectables', NULL, NULL, NULL, NULL, NULL, NULL),
(379, 'Collectables For Less Inc.', 209, 10369, '2005-01-20 00:00:00', '2004-08-02 00:00:00', 12530.51, 'Shipped'),
(381, 'Royale Belge', 213, 10366, '2005-01-10 00:00:00', '2003-08-22 00:00:00', 1128.2, 'Shipped'),
(382, 'Salzburg Collectables', 216, 10419, '2005-05-17 00:00:00', '2004-11-27 00:00:00', 42813.83, 'Shipped'),
(385, 'Cruz & Sons Co.', 219, 10330, '2004-11-16 00:00:00', '2003-03-09 00:00:00', 51001.22, 'Shipped'),
(386, 'L\'ordine Souveniers', 221, 10416, '2005-05-10 00:00:00', '2004-07-18 00:00:00', 51619.02, 'Shipped'),
(398, 'Tokyo Collectables, Ltd', 225, 10408, '2005-04-22 00:00:00', '2004-11-29 00:00:00', 48927.64, 'Shipped'),
(406, 'Auto Canal+ Petit', 228, 10402, '2005-04-07 00:00:00', '2004-06-17 00:00:00', 25080.96, 'Shipped'),
(409, 'Stuttgart Collectable Exchange', NULL, NULL, NULL, NULL, NULL, NULL),
(412, 'Extreme Desk Decorations, Ltd', 230, 10418, '2005-05-16 00:00:00', '2004-04-14 00:00:00', 31670.37, 'Shipped'),
(415, 'Bavarian Collectables Imports, Co.', 231, 10296, '2004-09-15 00:00:00', '2004-09-28 00:00:00', 31310.09, 'Shipped'),
(424, 'Classic Legends Inc.', 234, 10337, '2004-11-21 00:00:00', '2003-10-31 00:00:00', 22042.37, 'Shipped'),
(443, 'Feuer Online Stores, Inc', NULL, NULL, NULL, NULL, NULL, NULL),
(447, 'Gift Ideas Corp.', 237, 10353, '2004-12-04 00:00:00', '2004-12-17 00:00:00', 26304.13, 'Shipped'),
(448, 'Scandinavian Gift Ideas', 239, 10389, '2005-03-03 00:00:00', '2004-09-30 00:00:00', 48809.9, 'Shipped'),
(450, 'The Sharp Gifts Warehouse', 240, 10407, '2005-04-22 00:00:00', '2004-06-21 00:00:00', 59551.38, 'On Hold'),
(452, 'Mini Auto Werke', 243, 10392, '2005-03-10 00:00:00', '2005-05-03 00:00:00', 8807.12, 'Shipped'),
(455, 'Super Scale Inc.', 245, 10245, '2004-05-04 00:00:00', '2004-05-12 00:00:00', 32239.47, 'Shipped'),
(456, 'Microscale Inc.', 247, 10319, '2004-11-03 00:00:00', '2004-04-30 00:00:00', 1679.92, 'Shipped'),
(458, 'Corrida Auto Replicas, Ltd', 250, 10348, '2004-11-01 00:00:00', '2003-06-13 00:00:00', 57131.92, 'Shipped'),
(459, 'Warburg Exchange', NULL, NULL, NULL, NULL, NULL, NULL),
(462, 'FunGiftIdeas.com', 253, 10388, '2005-03-03 00:00:00', '2004-11-27 00:00:00', 48355.87, 'Shipped'),
(465, 'Anton Designs, Ltd.', NULL, NULL, NULL, NULL, NULL, NULL),
(471, 'Australian Collectables, Ltd', 255, 10415, '2005-05-09 00:00:00', '2003-12-10 00:00:00', 35505.63, 'Disputed'),
(473, 'Frau da Collezione', 257, 10218, '2004-02-09 00:00:00', '2003-10-27 00:00:00', 17746.26, 'Shipped'),
(475, 'West Coast Collectables Co.', 259, 10215, '2004-01-29 00:00:00', '2004-02-13 00:00:00', 36070.47, 'Shipped'),
(477, 'Mit Vergnügen & Co.', NULL, NULL, NULL, NULL, NULL, NULL),
(480, 'Kremlin Collectables, Co.', NULL, NULL, NULL, NULL, NULL, NULL),
(481, 'Raanan Stores, Inc', NULL, NULL, NULL, NULL, NULL, NULL),
(484, 'Iberia Gift Imports, Corp.', 261, 10303, '2004-10-06 00:00:00', '2003-11-29 00:00:00', 47513.19, 'Shipped'),
(486, 'Motor Mint Distributors Inc.', 264, 10331, '2004-11-17 00:00:00', '2003-03-20 00:00:00', 25833.14, 'Shipped'),
(487, 'Signal Collectibles Ltd.', 266, 10219, '2004-02-10 00:00:00', '2004-02-29 00:00:00', 12573.28, 'Shipped'),
(489, 'Double Decker Gift Stores, Ltd', 268, 10213, '2004-01-22 00:00:00', '2004-01-31 00:00:00', 7310.42, 'Shipped'),
(495, 'Diecast Collectables', 270, 10243, '2004-04-26 00:00:00', '2004-05-14 00:00:00', 6276.6, 'Shipped'),
(496, 'Kelly\'s Gift Shop', 273, 10399, '2005-04-01 00:00:00', '2004-12-31 00:00:00', 52166, 'Shipped');
COMMIT;

/*!40101 SET CHARACTER_SET_CLIENT=@OLD_CHARACTER_SET_CLIENT */;
/*!40101 SET CHARACTER_SET_RESULTS=@OLD_CHARACTER_SET_RESULTS */;
/*!40101 SET COLLATION_CONNECTION=@OLD_COLLATION_CONNECTION */;
